word,documents,data
"""Cookie",4,"[['httpauth.gr#primary.txt', 1], ['httpauth.gr.txt', 1], ['httpswww.auth.gr.txt', 1], ['httpswww.auth.gren.txt', 1]]"
"""Ελλάδα",4,"[['httpauth.gr#primary.txt', 3], ['httpauth.gr.txt', 3], ['httpswww.auth.gr.txt', 3], ['httpswww.auth.gren.txt', 3]]"
(17,3,"[['httpauth.gr#primary.txt', 1], ['httpauth.gr.txt', 1], ['httpswww.auth.gr.txt', 1]]"
(Aristotelian,1,"[['httpswww.auth.gren.txt', 11]]"
(Single,1,"[['httpsmy.auth.gr.txt', 1]]"
"(Ιατρικής,",3,"[['httpauth.gr#primary.txt', 1], ['httpauth.gr.txt', 1], ['httpswww.auth.gr.txt', 1]]"
(Ραδιοηλεκτρολογία)”...,3,"[['httpauth.gr#primary.txt', 3], ['httpauth.gr.txt', 3], ['httpswww.auth.gr.txt', 3]]"
-Taras,1,"[['httpswww.auth.gren.txt', 5]]"
-Yerevan,1,"[['httpswww.auth.gren.txt', 4]]"
.auth,1,"[['httpsmy.auth.gr.txt', 1]]"
05,4,"[['httpauth.gr#primary.txt', 1], ['httpauth.gr.txt', 1], ['httpswww.auth.gr.txt', 1], ['httpswww.auth.gren.txt', 4]]"
06,1,"[['httpswww.auth.gren.txt', 2]]"
08,3,"[['httpauth.gr#primary.txt', 2], ['httpauth.gr.txt', 2], ['httpswww.auth.gr.txt', 2]]"
10,4,"[['httpauth.gr#primary.txt', 4], ['httpauth.gr.txt', 4], ['httpswww.auth.gr.txt', 4], ['httpswww.auth.gren.txt', 2]]"
11,3,"[['httpauth.gr#primary.txt', 2], ['httpauth.gr.txt', 2], ['httpswww.auth.gr.txt', 2]]"
12,3,"[['httpauth.gr#primary.txt', 3], ['httpauth.gr.txt', 3], ['httpswww.auth.gr.txt', 3]]"
13,3,"[['httpauth.gr#primary.txt', 2], ['httpauth.gr.txt', 2], ['httpswww.auth.gr.txt', 2]]"
17,3,"[['httpauth.gr#primary.txt', 2], ['httpauth.gr.txt', 2], ['httpswww.auth.gr.txt', 2]]"
1821”...,3,"[['httpauth.gr#primary.txt', 4], ['httpauth.gr.txt', 4], ['httpswww.auth.gr.txt', 4]]"
2016,1,"[['httpswww.auth.gren.txt', 9]]"
2020,3,"[['httpauth.gr#primary.txt', 12], ['httpauth.gr.txt', 12], ['httpswww.auth.gr.txt', 12]]"
2020-2021,3,"[['httpauth.gr#primary.txt', 6], ['httpauth.gr.txt', 6], ['httpswww.auth.gr.txt', 6]]"
"2021""",4,"[['httpauth.gr#primary.txt', 26], ['httpauth.gr.txt', 26], ['httpswww.auth.gr.txt', 26], ['httpswww.auth.gren.txt', 5]]"
2021-22...,3,"[['httpauth.gr#primary.txt', 24], ['httpauth.gr.txt', 24], ['httpswww.auth.gr.txt', 24]]"
22,1,"[['httpswww.auth.gren.txt', 2]]"
23,3,"[['httpauth.gr#primary.txt', 4], ['httpauth.gr.txt', 4], ['httpswww.auth.gr.txt', 4]]"
24,3,"[['httpauth.gr#primary.txt', 1], ['httpauth.gr.txt', 1], ['httpswww.auth.gr.txt', 1]]"
27,3,"[['httpauth.gr#primary.txt', 3], ['httpauth.gr.txt', 3], ['httpswww.auth.gr.txt', 3]]"
28,3,"[['httpauth.gr#primary.txt', 1], ['httpauth.gr.txt', 1], ['httpswww.auth.gr.txt', 1]]"
29,3,"[['httpauth.gr#primary.txt', 2], ['httpauth.gr.txt', 2], ['httpswww.auth.gr.txt', 2]]"
295,3,"[['httpauth.gr#primary.txt', 1], ['httpauth.gr.txt', 1], ['httpswww.auth.gr.txt', 1]]"
3.0,4,"[['httpauth.gr#primary.txt', 1], ['httpauth.gr.txt', 1], ['httpswww.auth.gr.txt', 1], ['httpswww.auth.gren.txt', 1]]"
33.4,1,"[['httpswww.auth.gren.txt', 1]]"
40,1,"[['httpswww.auth.gren.txt', 1]]"
407/80,3,"[['httpauth.gr#primary.txt', 3], ['httpauth.gr.txt', 3], ['httpswww.auth.gr.txt', 3]]"
430.000,3,"[['httpauth.gr#primary.txt', 1], ['httpauth.gr.txt', 1], ['httpswww.auth.gr.txt', 1]]"
45,3,"[['httpauth.gr#primary.txt', 1], ['httpauth.gr.txt', 1], ['httpswww.auth.gr.txt', 1]]"
4ο,3,"[['httpauth.gr#primary.txt', 2], ['httpauth.gr.txt', 2], ['httpswww.auth.gr.txt', 2]]"
61,3,"[['httpauth.gr#primary.txt', 1], ['httpauth.gr.txt', 1], ['httpswww.auth.gr.txt', 1]]"
A.Π.Θ.,3,"[['httpauth.gr#primary.txt', 1], ['httpauth.gr.txt', 1], ['httpswww.auth.gr.txt', 1]]"
ACCEPT,4,"[['httpauth.gr#primary.txt', 1], ['httpauth.gr.txt', 1], ['httpswww.auth.gr.txt', 1], ['httpswww.auth.gren.txt', 1]]"
ALL,4,"[['httpauth.gr#primary.txt', 1], ['httpauth.gr.txt', 1], ['httpswww.auth.gr.txt', 1], ['httpswww.auth.gren.txt', 1]]"
ARISTOTLE,1,"[['httpswww.auth.gren.txt', 3]]"
AUTH,1,"[['httpswww.auth.gren.txt', 7]]"
AUTHnet,1,"[['httpsmy.auth.gr.txt', 1]]"
Academic,1,"[['httpswww.auth.gren.txt', 4]]"
Accessibility,1,"[['httpswww.auth.gren.txt', 1]]"
Administration,1,"[['httpswww.auth.gren.txt', 23]]"
Administrative,1,"[['httpswww.auth.gren.txt', 16]]"
All,4,"[['httpauth.gr#primary.txt', 1], ['httpauth.gr.txt', 1], ['httpswww.auth.gr.txt', 1], ['httpswww.auth.gren.txt', 1]]"
AllManage,4,"[['httpauth.gr#primary.txt', 1], ['httpauth.gr.txt', 1], ['httpswww.auth.gr.txt', 1], ['httpswww.auth.gren.txt', 1]]"
"All”,",4,"[['httpauth.gr#primary.txt', 1], ['httpauth.gr.txt', 1], ['httpswww.auth.gr.txt', 1], ['httpswww.auth.gren.txt', 1]]"
Always,4,"[['httpauth.gr#primary.txt', 1], ['httpauth.gr.txt', 1], ['httpswww.auth.gr.txt', 1], ['httpswww.auth.gren.txt', 1]]"
April,1,"[['httpswww.auth.gren.txt', 7]]"
Archaeological,1,"[['httpswww.auth.gren.txt', 4]]"
Archives,1,"[['httpswww.auth.gren.txt', 3]]"
Armenian,1,"[['httpswww.auth.gren.txt', 5]]"
Assurance,1,"[['httpswww.auth.gren.txt', 5]]"
Attribution-ShareAlike,4,"[['httpauth.gr#primary.txt', 3], ['httpauth.gr.txt', 3], ['httpswww.auth.gr.txt', 3], ['httpswww.auth.gren.txt', 3]]"
Authorities,1,"[['httpswww.auth.gren.txt', 6]]"
Background,1,"[['httpswww.auth.gren.txt', 1]]"
Bodies,1,"[['httpswww.auth.gren.txt', 2]]"
By,3,"[['httpauth.gr#primary.txt', 1], ['httpauth.gr.txt', 1], ['httpswww.auth.gr.txt', 1]]"
Byzantine,1,"[['httpswww.auth.gren.txt', 14]]"
COH-FIT,3,"[['httpauth.gr#primary.txt', 1], ['httpauth.gr.txt', 1], ['httpswww.auth.gr.txt', 1]]"
Calendar,1,"[['httpswww.auth.gren.txt', 3]]"
Career,1,"[['httpswww.auth.gren.txt', 5]]"
Centre,1,"[['httpswww.auth.gren.txt', 6]]"
Centres,1,"[['httpswww.auth.gren.txt', 5]]"
Charter,1,"[['httpswww.auth.gren.txt', 3]]"
Close,4,"[['httpauth.gr#primary.txt', 1], ['httpauth.gr.txt', 1], ['httpswww.auth.gr.txt', 1], ['httpswww.auth.gren.txt', 1]]"
Collections,1,"[['httpswww.auth.gren.txt', 7]]"
Committee,1,"[['httpswww.auth.gren.txt', 2]]"
Commons,4,"[['httpauth.gr#primary.txt', 2], ['httpauth.gr.txt', 2], ['httpswww.auth.gr.txt', 2], ['httpswww.auth.gren.txt', 2]]"
Communications,1,"[['httpswww.auth.gren.txt', 8]]"
Conference,1,"[['httpswww.auth.gren.txt', 9]]"
Contact,1,"[['httpswww.auth.gren.txt', 3]]"
Context,1,"[['httpswww.auth.gren.txt', 5]]"
Contrast,1,"[['httpswww.auth.gren.txt', 2]]"
Cookie,1,"[['httpswww.auth.gren.txt', 1]]"
Cookies,3,"[['httpauth.gr#primary.txt', 1], ['httpauth.gr.txt', 1], ['httpswww.auth.gr.txt', 1]]"
Covid19,4,"[['httpauth.gr#primary.txt', 4], ['httpauth.gr.txt', 4], ['httpswww.auth.gr.txt', 4], ['httpswww.auth.gren.txt', 2]]"
Creative,4,"[['httpauth.gr#primary.txt', 2], ['httpauth.gr.txt', 2], ['httpswww.auth.gr.txt', 2], ['httpswww.auth.gren.txt', 2]]"
Credit,1,"[['httpswww.auth.gren.txt', 2]]"
Cultural,1,"[['httpswww.auth.gren.txt', 3]]"
Culture,1,"[['httpswww.auth.gren.txt', 4]]"
Data,1,"[['httpswww.auth.gren.txt', 2]]"
Datacenter,1,"[['httpsmy.auth.gr.txt', 1]]"
Decrease,1,"[['httpswww.auth.gren.txt', 1]]"
Department,1,"[['httpswww.auth.gren.txt', 3]]"
Diploma,1,"[['httpswww.auth.gren.txt', 3]]"
EDUCATION,1,"[['httpswww.auth.gren.txt', 3]]"
EN,4,"[['httpauth.gr#primary.txt', 2], ['httpauth.gr.txt', 2], ['httpswww.auth.gr.txt', 2], ['httpswww.auth.gren.txt', 2]]"
EPICUR,4,"[['httpauth.gr#primary.txt', 3], ['httpauth.gr.txt', 3], ['httpswww.auth.gr.txt', 3], ['httpswww.auth.gren.txt', 2]]"
EPICUR:,3,"[['httpauth.gr#primary.txt', 2], ['httpauth.gr.txt', 2], ['httpswww.auth.gr.txt', 2]]"
ERASMUS,3,"[['httpauth.gr#primary.txt', 2], ['httpauth.gr.txt', 2], ['httpswww.auth.gr.txt', 2]]"
Educational,1,"[['httpswww.auth.gren.txt', 8]]"
Enabled,4,"[['httpauth.gr#primary.txt', 1], ['httpauth.gr.txt', 1], ['httpswww.auth.gr.txt', 1], ['httpswww.auth.gren.txt', 1]]"
Erasmus,1,"[['httpswww.auth.gren.txt', 3]]"
Erasmus+,3,"[['httpauth.gr#primary.txt', 2], ['httpauth.gr.txt', 2], ['httpswww.auth.gr.txt', 2]]"
Erasmus+/COVID-19,3,"[['httpauth.gr#primary.txt', 3], ['httpauth.gr.txt', 3], ['httpswww.auth.gr.txt', 3]]"
European,1,"[['httpswww.auth.gren.txt', 6]]"
Excavation,1,"[['httpswww.auth.gren.txt', 8]]"
Facebook,4,"[['httpauth.gr#primary.txt', 2], ['httpauth.gr.txt', 2], ['httpswww.auth.gr.txt', 2], ['httpswww.auth.gren.txt', 2]]"
Facilities,1,"[['httpswww.auth.gren.txt', 3]]"
Faculties,1,"[['httpswww.auth.gren.txt', 3]]"
Faculty.,1,"[['httpswww.auth.gren.txt', 2]]"
Font,1,"[['httpswww.auth.gren.txt', 1]]"
Foreign,1,"[['httpswww.auth.gren.txt', 3]]"
GR,4,"[['httpauth.gr#primary.txt', 2], ['httpauth.gr.txt', 2], ['httpswww.auth.gr.txt', 2], ['httpswww.auth.gren.txt', 2]]"
Grayscale,1,"[['httpswww.auth.gren.txt', 1]]"
Greece.,1,"[['httpswww.auth.gren.txt', 1]]"
Greek,1,"[['httpswww.auth.gren.txt', 2]]"
Guide,1,"[['httpswww.auth.gren.txt', 2]]"
HOMECASTS:,3,"[['httpauth.gr#primary.txt', 1], ['httpauth.gr.txt', 1], ['httpswww.auth.gr.txt', 1]]"
Heritage,1,"[['httpswww.auth.gren.txt', 3]]"
High,1,"[['httpswww.auth.gren.txt', 1]]"
History,1,"[['httpswww.auth.gren.txt', 9]]"
"However,",4,"[['httpauth.gr#primary.txt', 1], ['httpauth.gr.txt', 1], ['httpswww.auth.gr.txt', 1], ['httpswww.auth.gren.txt', 1]]"
Humanities”,1,"[['httpswww.auth.gren.txt', 4]]"
IT,1,"[['httpsmy.auth.gr.txt', 2]]"
Increase,1,"[['httpswww.auth.gren.txt', 1]]"
Indicators,1,"[['httpswww.auth.gren.txt', 8]]"
Influence,1,"[['httpswww.auth.gren.txt', 2]]"
Information,1,"[['httpswww.auth.gren.txt', 16]]"
Initiative,1,"[['httpswww.auth.gren.txt', 3]]"
Internal,1,"[['httpswww.auth.gren.txt', 3]]"
International,1,"[['httpswww.auth.gren.txt', 10]]"
It,1,"[['httpswww.auth.gren.txt', 1]]"
July,1,"[['httpswww.auth.gren.txt', 2]]"
Kyiv...,1,"[['httpswww.auth.gren.txt', 4]]"
Language,1,"[['httpswww.auth.gren.txt', 6]]"
Learning,1,"[['httpswww.auth.gren.txt', 13]]"
Library,1,"[['httpswww.auth.gren.txt', 5]]"
License,4,"[['httpauth.gr#primary.txt', 1], ['httpauth.gr.txt', 1], ['httpswww.auth.gr.txt', 1], ['httpswww.auth.gren.txt', 1]]"
Lifelong,1,"[['httpswww.auth.gren.txt', 9]]"
Light,1,"[['httpswww.auth.gren.txt', 1]]"
LinkedIn,4,"[['httpauth.gr#primary.txt', 1], ['httpauth.gr.txt', 1], ['httpswww.auth.gr.txt', 1], ['httpswww.auth.gren.txt', 1]]"
Links,1,"[['httpswww.auth.gren.txt', 1]]"
Map,1,"[['httpswww.auth.gren.txt', 2]]"
Mission,1,"[['httpswww.auth.gren.txt', 9]]"
Modern,1,"[['httpswww.auth.gren.txt', 2]]"
More,1,"[['httpswww.auth.gren.txt', 2]]"
Museums,1,"[['httpswww.auth.gren.txt', 4]]"
National,1,"[['httpswww.auth.gren.txt', 8]]"
Negative,1,"[['httpswww.auth.gren.txt', 1]]"
"Network,",1,"[['httpswww.auth.gren.txt', 3]]"
Next,4,"[['httpauth.gr#primary.txt', 8], ['httpauth.gr.txt', 8], ['httpswww.auth.gr.txt', 8], ['httpswww.auth.gren.txt', 8]]"
OF,1,"[['httpswww.auth.gren.txt', 2]]"
Objectives,1,"[['httpswww.auth.gren.txt', 2]]"
Office,1,"[['httpswww.auth.gren.txt', 2]]"
On),1,"[['httpsmy.auth.gr.txt', 1]]"
Open,1,"[['httpswww.auth.gren.txt', 1]]"
PDMC,1,"[['httpswww.auth.gren.txt', 2]]"
People,1,"[['httpswww.auth.gren.txt', 2]]"
Personal,1,"[['httpswww.auth.gren.txt', 3]]"
Philosophical,1,"[['httpswww.auth.gren.txt', 3]]"
Philosophy:,1,"[['httpswww.auth.gren.txt', 2]]"
Policy,1,"[['httpswww.auth.gren.txt', 1]]"
Postgraduate,1,"[['httpswww.auth.gren.txt', 3]]"
Practice,1,"[['httpswww.auth.gren.txt', 3]]"
Previous,4,"[['httpauth.gr#primary.txt', 8], ['httpauth.gr.txt', 8], ['httpswww.auth.gr.txt', 8], ['httpswww.auth.gren.txt', 8]]"
Programmes,1,"[['httpswww.auth.gren.txt', 3]]"
Projects,1,"[['httpswww.auth.gren.txt', 2]]"
Protection,1,"[['httpswww.auth.gren.txt', 2]]"
Quality,1,"[['httpswww.auth.gren.txt', 3]]"
Readable,1,"[['httpswww.auth.gren.txt', 1]]"
Readings)”,1,"[['httpswww.auth.gren.txt', 9]]"
Rectorate,1,"[['httpswww.auth.gren.txt', 8]]"
Regulation,1,"[['httpswww.auth.gren.txt', 8]]"
Research,1,"[['httpswww.auth.gren.txt', 9]]"
Reset,1,"[['httpswww.auth.gren.txt', 1]]"
SAVE,4,"[['httpauth.gr#primary.txt', 1], ['httpauth.gr.txt', 1], ['httpswww.auth.gr.txt', 1], ['httpswww.auth.gren.txt', 1]]"
Schools,1,"[['httpswww.auth.gren.txt', 4]]"
Search,1,"[['httpswww.auth.gren.txt', 5]]"
Services,1,"[['httpswww.auth.gren.txt', 8]]"
"Settings""",4,"[['httpauth.gr#primary.txt', 1], ['httpauth.gr.txt', 1], ['httpswww.auth.gr.txt', 1], ['httpswww.auth.gren.txt', 1]]"
SettingsAccept,4,"[['httpauth.gr#primary.txt', 1], ['httpauth.gr.txt', 1], ['httpswww.auth.gr.txt', 1], ['httpswww.auth.gren.txt', 1]]"
Shevchenko,1,"[['httpswww.auth.gren.txt', 4]]"
Sign,1,"[['httpsmy.auth.gr.txt', 1]]"
Skip,5,"[['httpauth.gr#primary.txt', 1], ['httpauth.gr.txt', 1], ['httpsmy.auth.gr.txt', 1], ['httpswww.auth.gr.txt', 1], ['httpswww.auth.gren.txt', 2]]"
Some,1,"[['httpswww.auth.gren.txt', 1]]"
State,1,"[['httpswww.auth.gren.txt', 3]]"
Strategic,1,"[['httpswww.auth.gren.txt', 3]]"
Student,1,"[['httpswww.auth.gren.txt', 4]]"
Studies,1,"[['httpswww.auth.gren.txt', 4]]"
Summer,3,"[['httpauth.gr#primary.txt', 1], ['httpauth.gr.txt', 1], ['httpswww.auth.gr.txt', 1]]"
Supplement,1,"[['httpswww.auth.gren.txt', 2]]"
System,1,"[['httpswww.auth.gren.txt', 2]]"
TEDxAUTH,3,"[['httpauth.gr#primary.txt', 1], ['httpauth.gr.txt', 1], ['httpswww.auth.gr.txt', 1]]"
THESSALONIKI,1,"[['httpswww.auth.gren.txt', 3]]"
Teaching,1,"[['httpswww.auth.gren.txt', 13]]"
Text,1,"[['httpswww.auth.gren.txt', 2]]"
The,1,"[['httpswww.auth.gren.txt', 5]]"
Thessaloniki,1,"[['httpswww.auth.gren.txt', 7]]"
"Thessaloniki,",1,"[['httpswww.auth.gren.txt', 4]]"
Thessaloniki.,1,"[['httpswww.auth.gren.txt', 3]]"
Tools,1,"[['httpswww.auth.gren.txt', 1]]"
Transfer,1,"[['httpswww.auth.gren.txt', 4]]"
Twitter,4,"[['httpauth.gr#primary.txt', 1], ['httpauth.gr.txt', 1], ['httpswww.auth.gr.txt', 1], ['httpswww.auth.gren.txt', 1]]"
UNIVERSITY,1,"[['httpswww.auth.gren.txt', 2]]"
Ukranian,1,"[['httpswww.auth.gren.txt', 4]]"
Undergraduate,1,"[['httpswww.auth.gren.txt', 3]]"
Underline,1,"[['httpswww.auth.gren.txt', 1]]"
Unions,1,"[['httpswww.auth.gren.txt', 7]]"
Units,1,"[['httpswww.auth.gren.txt', 4]]"
Univ...,1,"[['httpswww.auth.gren.txt', 2]]"
University,1,"[['httpswww.auth.gren.txt', 11]]"
Unported,4,"[['httpauth.gr#primary.txt', 1], ['httpauth.gr.txt', 1], ['httpswww.auth.gr.txt', 1], ['httpswww.auth.gren.txt', 1]]"
Video,4,"[['httpauth.gr#primary.txt', 2], ['httpauth.gr.txt', 2], ['httpswww.auth.gr.txt', 2], ['httpswww.auth.gren.txt', 2]]"
Vision,1,"[['httpswww.auth.gren.txt', 9]]"
We,1,"[['httpswww.auth.gren.txt', 1]]"
Webinar,3,"[['httpauth.gr#primary.txt', 3], ['httpauth.gr.txt', 3], ['httpswww.auth.gr.txt', 3]]"
Workshop,1,"[['httpswww.auth.gren.txt', 5]]"
You,1,"[['httpsmy.auth.gr.txt', 1]]"
YouTube,4,"[['httpauth.gr#primary.txt', 1], ['httpauth.gr.txt', 1], ['httpswww.auth.gr.txt', 1], ['httpswww.auth.gren.txt', 1]]"
Yπηρεσίες,1,"[['httpsmy.auth.gr.txt', 1]]"
about,1,"[['httpswww.auth.gren.txt', 2]]"
administrative,1,"[['httpswww.auth.gren.txt', 3]]"
and,4,"[['httpauth.gr#primary.txt', 2], ['httpauth.gr.txt', 2], ['httpswww.auth.gr.txt', 2], ['httpswww.auth.gren.txt', 19]]"
are,1,"[['httpsmy.auth.gr.txt', 1]]"
area,1,"[['httpswww.auth.gren.txt', 4]]"
by,4,"[['httpauth.gr#primary.txt', 1], ['httpauth.gr.txt', 1], ['httpswww.auth.gr.txt', 1], ['httpswww.auth.gren.txt', 1]]"
campus,4,"[['httpauth.gr#primary.txt', 2], ['httpauth.gr.txt', 2], ['httpswww.auth.gr.txt', 2], ['httpswww.auth.gren.txt', 3]]"
centre,1,"[['httpswww.auth.gren.txt', 1]]"
cities.,1,"[['httpswww.auth.gren.txt', 1]]"
city,1,"[['httpswww.auth.gren.txt', 2]]"
clicking,4,"[['httpauth.gr#primary.txt', 1], ['httpauth.gr.txt', 1], ['httpswww.auth.gr.txt', 1], ['httpswww.auth.gren.txt', 1]]"
cloud,1,"[['httpsmy.auth.gr.txt', 1]]"
comprises,1,"[['httpswww.auth.gren.txt', 1]]"
consent,4,"[['httpauth.gr#primary.txt', 2], ['httpauth.gr.txt', 2], ['httpswww.auth.gr.txt', 2], ['httpswww.auth.gren.txt', 2]]"
consent.Cookie,4,"[['httpauth.gr#primary.txt', 2], ['httpauth.gr.txt', 2], ['httpswww.auth.gr.txt', 2], ['httpswww.auth.gren.txt', 2]]"
consist,1,"[['httpswww.auth.gren.txt', 2]]"
contemporary,1,"[['httpswww.auth.gren.txt', 7]]"
content,5,"[['httpauth.gr#primary.txt', 2], ['httpauth.gr.txt', 2], ['httpsmy.auth.gr.txt', 1], ['httpswww.auth.gr.txt', 2], ['httpswww.auth.gren.txt', 7]]"
controlled,4,"[['httpauth.gr#primary.txt', 1], ['httpauth.gr.txt', 1], ['httpswww.auth.gr.txt', 1], ['httpswww.auth.gren.txt', 1]]"
cookies,4,"[['httpauth.gr#primary.txt', 4], ['httpauth.gr.txt', 4], ['httpswww.auth.gr.txt', 4], ['httpswww.auth.gren.txt', 4]]"
cookies.,4,"[['httpauth.gr#primary.txt', 5], ['httpauth.gr.txt', 5], ['httpswww.auth.gr.txt', 5], ['httpswww.auth.gren.txt', 5]]"
covers,1,"[['httpswww.auth.gren.txt', 1]]"
days,3,"[['httpauth.gr#primary.txt', 2], ['httpauth.gr.txt', 2], ['httpswww.auth.gr.txt', 2]]"
e-Study,1,"[['httpswww.auth.gren.txt', 2]]"
e-University,1,"[['httpsmy.auth.gr.txt', 1]]"
e-Οδηγός,3,"[['httpauth.gr#primary.txt', 3], ['httpauth.gr.txt', 3], ['httpswww.auth.gr.txt', 3]]"
educational,1,"[['httpswww.auth.gren.txt', 3]]"
even,1,"[['httpswww.auth.gren.txt', 1]]"
experience,4,"[['httpauth.gr#primary.txt', 1], ['httpauth.gr.txt', 1], ['httpswww.auth.gr.txt', 1], ['httpswww.auth.gren.txt', 1]]"
f...,1,"[['httpswww.auth.gren.txt', 2]]"
facebook,1,"[['httpsmy.auth.gr.txt', 1]]"
facilities,1,"[['httpswww.auth.gren.txt', 3]]"
faculties,1,"[['httpswww.auth.gren.txt', 2]]"
for:,1,"[['httpswww.auth.gren.txt', 6]]"
give,4,"[['httpauth.gr#primary.txt', 1], ['httpauth.gr.txt', 1], ['httpswww.auth.gr.txt', 1], ['httpswww.auth.gren.txt', 1]]"
hectares.,1,"[['httpswww.auth.gren.txt', 4]]"
hereHome,1,"[['httpsmy.auth.gr.txt', 1]]"
in,1,"[['httpswww.auth.gren.txt', 11]]"
largest,1,"[['httpswww.auth.gren.txt', 2]]"
located,1,"[['httpswww.auth.gren.txt', 4]]"
logo,1,"[['httpswww.auth.gren.txt', 1]]"
"m2,",3,"[['httpauth.gr#primary.txt', 1], ['httpauth.gr.txt', 1], ['httpswww.auth.gr.txt', 1]]"
main,2,"[['httpsmy.auth.gr.txt', 1], ['httpswww.auth.gren.txt', 4]]"
may,4,"[['httpauth.gr#primary.txt', 2], ['httpauth.gr.txt', 2], ['httpswww.auth.gr.txt', 2], ['httpswww.auth.gren.txt', 2]]"
most,4,"[['httpauth.gr#primary.txt', 1], ['httpauth.gr.txt', 1], ['httpswww.auth.gr.txt', 1], ['httpswww.auth.gren.txt', 1]]"
myAUTh,4,"[['httpauth.gr#primary.txt', 2], ['httpauth.gr.txt', 2], ['httpswww.auth.gr.txt', 2], ['httpswww.auth.gren.txt', 3]]"
myAuth,1,"[['httpsmy.auth.gr.txt', 4]]"
number,1,"[['httpswww.auth.gren.txt', 1]]"
of,4,"[['httpauth.gr#primary.txt', 1], ['httpauth.gr.txt', 1], ['httpswww.auth.gr.txt', 1], ['httpswww.auth.gren.txt', 24]]"
off,1,"[['httpswww.auth.gren.txt', 5]]"
operational,1,"[['httpswww.auth.gren.txt', 3]]"
other,1,"[['httpswww.auth.gren.txt', 4]]"
our,4,"[['httpauth.gr#primary.txt', 1], ['httpauth.gr.txt', 1], ['httpswww.auth.gr.txt', 1], ['httpswww.auth.gren.txt', 1]]"
outside,1,"[['httpswww.auth.gren.txt', 1]]"
practical,1,"[['httpswww.auth.gren.txt', 2]]"
preferences,4,"[['httpauth.gr#primary.txt', 1], ['httpauth.gr.txt', 1], ['httpswww.auth.gr.txt', 1], ['httpswww.auth.gren.txt', 1]]"
project»,3,"[['httpauth.gr#primary.txt', 1], ['httpauth.gr.txt', 1], ['httpswww.auth.gr.txt', 1]]"
provide,4,"[['httpauth.gr#primary.txt', 1], ['httpauth.gr.txt', 1], ['httpswww.auth.gr.txt', 1], ['httpswww.auth.gren.txt', 1]]"
reasons.,1,"[['httpswww.auth.gren.txt', 3]]"
relevant,4,"[['httpauth.gr#primary.txt', 2], ['httpauth.gr.txt', 2], ['httpswww.auth.gr.txt', 2], ['httpswww.auth.gren.txt', 2]]"
remembering,4,"[['httpauth.gr#primary.txt', 1], ['httpauth.gr.txt', 1], ['httpswww.auth.gr.txt', 1], ['httpswww.auth.gren.txt', 1]]"
repeat,4,"[['httpauth.gr#primary.txt', 2], ['httpauth.gr.txt', 2], ['httpswww.auth.gr.txt', 2], ['httpswww.auth.gren.txt', 2]]"
research”,1,"[['httpswww.auth.gren.txt', 3]]"
reserved.,4,"[['httpauth.gr#primary.txt', 1], ['httpauth.gr.txt', 1], ['httpswww.auth.gr.txt', 1], ['httpswww.auth.gren.txt', 1]]"
rights,4,"[['httpauth.gr#primary.txt', 1], ['httpauth.gr.txt', 1], ['httpswww.auth.gr.txt', 1], ['httpswww.auth.gren.txt', 1]]"
schools,1,"[['httpswww.auth.gren.txt', 1]]"
single-School,1,"[['httpswww.auth.gren.txt', 2]]"
slide1,4,"[['httpauth.gr#primary.txt', 2], ['httpauth.gr.txt', 2], ['httpswww.auth.gr.txt', 2], ['httpswww.auth.gren.txt', 2]]"
the,4,"[['httpauth.gr#primary.txt', 3], ['httpauth.gr.txt', 3], ['httpswww.auth.gr.txt', 3], ['httpswww.auth.gren.txt', 13]]"
these,1,"[['httpswww.auth.gren.txt', 5]]"
to,5,"[['httpauth.gr#primary.txt', 4], ['httpauth.gr.txt', 4], ['httpsmy.auth.gr.txt', 1], ['httpswww.auth.gr.txt', 4], ['httpswww.auth.gren.txt', 5]]"
toolbar,1,"[['httpswww.auth.gren.txt', 1]]"
translation,1,"[['httpswww.auth.gren.txt', 7]]"
university,1,"[['httpswww.auth.gren.txt', 1]]"
use,3,"[['httpauth.gr#primary.txt', 2], ['httpauth.gr.txt', 2], ['httpswww.auth.gr.txt', 2]]"
visits.,4,"[['httpauth.gr#primary.txt', 2], ['httpauth.gr.txt', 2], ['httpswww.auth.gr.txt', 2], ['httpswww.auth.gren.txt', 2]]"
website,4,"[['httpauth.gr#primary.txt', 1], ['httpauth.gr.txt', 1], ['httpswww.auth.gr.txt', 1], ['httpswww.auth.gren.txt', 1]]"
which,1,"[['httpswww.auth.gren.txt', 1]]"
world,1,"[['httpswww.auth.gren.txt', 3]]"
you,4,"[['httpauth.gr#primary.txt', 3], ['httpauth.gr.txt', 3], ['httpswww.auth.gr.txt', 3], ['httpswww.auth.gren.txt', 3]]"
your,4,"[['httpauth.gr#primary.txt', 3], ['httpauth.gr.txt', 3], ['httpswww.auth.gr.txt', 3], ['httpswww.auth.gren.txt', 3]]"
«Η,3,"[['httpauth.gr#primary.txt', 2], ['httpauth.gr.txt', 2], ['httpswww.auth.gr.txt', 2]]"
«Λουλούδι,3,"[['httpauth.gr#primary.txt', 2], ['httpauth.gr.txt', 2], ['httpswww.auth.gr.txt', 2]]"
«Μετά,3,"[['httpauth.gr#primary.txt', 1], ['httpauth.gr.txt', 1], ['httpswww.auth.gr.txt', 1]]"
«ΦΥΣΙΚΗ,3,"[['httpauth.gr#primary.txt', 3], ['httpauth.gr.txt', 3], ['httpswww.auth.gr.txt', 3]]"
Άρθρων,3,"[['httpauth.gr#primary.txt', 2], ['httpauth.gr.txt', 2], ['httpswww.auth.gr.txt', 2]]"
Άσκηση,3,"[['httpauth.gr#primary.txt', 3], ['httpauth.gr.txt', 3], ['httpswww.auth.gr.txt', 3]]"
Έκθεση,3,"[['httpauth.gr#primary.txt', 1], ['httpauth.gr.txt', 1], ['httpswww.auth.gr.txt', 1]]"
Έρευνα,3,"[['httpauth.gr#primary.txt', 3], ['httpauth.gr.txt', 3], ['httpswww.auth.gr.txt', 3]]"
Έρευνας,3,"[['httpauth.gr#primary.txt', 4], ['httpauth.gr.txt', 4], ['httpswww.auth.gr.txt', 4]]"
Έρευνες,1,"[['httpsmy.auth.gr.txt', 1]]"
Όλες,1,"[['httpsmy.auth.gr.txt', 1]]"
Όραμα,3,"[['httpauth.gr#primary.txt', 2], ['httpauth.gr.txt', 2], ['httpswww.auth.gr.txt', 2]]"
Όργανα,3,"[['httpauth.gr#primary.txt', 3], ['httpauth.gr.txt', 3], ['httpswww.auth.gr.txt', 3]]"
Α.Π.Θ.,3,"[['httpauth.gr#primary.txt', 2], ['httpauth.gr.txt', 2], ['httpswww.auth.gr.txt', 2]]"
"Α.Π.Θ.,",3,"[['httpauth.gr#primary.txt', 1], ['httpauth.gr.txt', 1], ['httpswww.auth.gr.txt', 1]]"
Α.Π.Θ.:,3,"[['httpauth.gr#primary.txt', 1], ['httpauth.gr.txt', 1], ['httpswww.auth.gr.txt', 1]]"
ΑΚΑΔΗΜΑΪΚΟ,3,"[['httpauth.gr#primary.txt', 4], ['httpauth.gr.txt', 4], ['httpswww.auth.gr.txt', 4]]"
ΑΠΘ,2,"[['httpsmy.auth.gr.txt', 2], ['httpswww.auth.gren.txt', 6]]"
"ΑΠΘ,",3,"[['httpauth.gr#primary.txt', 7], ['httpauth.gr.txt', 7], ['httpswww.auth.gr.txt', 7]]"
ΑΠΘ...,3,"[['httpauth.gr#primary.txt', 6], ['httpauth.gr.txt', 6], ['httpswww.auth.gr.txt', 6]]"
ΑΠΘΠερνώντας,4,"[['httpauth.gr#primary.txt', 3], ['httpauth.gr.txt', 3], ['httpswww.auth.gr.txt', 3], ['httpswww.auth.gren.txt', 2]]"
ΑΡΙΣΤΟΤΕΛΕΙΟ,3,"[['httpauth.gr#primary.txt', 5], ['httpauth.gr.txt', 5], ['httpswww.auth.gr.txt', 5]]"
Αιτήσεις,1,"[['httpsmy.auth.gr.txt', 3]]"
Ακαδημαϊκό,3,"[['httpauth.gr#primary.txt', 2], ['httpauth.gr.txt', 2], ['httpswww.auth.gr.txt', 2]]"
Ακαδημαϊκών,3,"[['httpauth.gr#primary.txt', 1], ['httpauth.gr.txt', 1], ['httpswww.auth.gr.txt', 1]]"
Αναγνώσιμη,3,"[['httpauth.gr#primary.txt', 1], ['httpauth.gr.txt', 1], ['httpswww.auth.gr.txt', 1]]"
Αναγόρευση,3,"[['httpauth.gr#primary.txt', 2], ['httpauth.gr.txt', 2], ['httpswww.auth.gr.txt', 2]]"
Αναδρομή,3,"[['httpauth.gr#primary.txt', 5], ['httpauth.gr.txt', 5], ['httpswww.auth.gr.txt', 5]]"
Αναζήτηση,4,"[['httpauth.gr#primary.txt', 20], ['httpauth.gr.txt', 20], ['httpswww.auth.gr.txt', 20], ['httpswww.auth.gren.txt', 12]]"
Ανακοινώσεις,4,"[['httpauth.gr#primary.txt', 10], ['httpauth.gr.txt', 10], ['httpswww.auth.gr.txt', 10], ['httpswww.auth.gren.txt', 3]]"
Ανασκαφές,3,"[['httpauth.gr#primary.txt', 3], ['httpauth.gr.txt', 3], ['httpswww.auth.gr.txt', 3]]"
Ανοίξτε,3,"[['httpauth.gr#primary.txt', 1], ['httpauth.gr.txt', 1], ['httpswww.auth.gr.txt', 1]]"
Ανοιχτόχρωμο,3,"[['httpauth.gr#primary.txt', 1], ['httpauth.gr.txt', 1], ['httpswww.auth.gr.txt', 1]]"
Αντίθεση,3,"[['httpauth.gr#primary.txt', 2], ['httpauth.gr.txt', 2], ['httpswww.auth.gr.txt', 2]]"
Αποκατάστασης,3,"[['httpauth.gr#primary.txt', 5], ['httpauth.gr.txt', 5], ['httpswww.auth.gr.txt', 5]]"
Αποστολή,3,"[['httpauth.gr#primary.txt', 17], ['httpauth.gr.txt', 17], ['httpswww.auth.gr.txt', 17]]"
Αποφοίτων,4,"[['httpauth.gr#primary.txt', 11], ['httpauth.gr.txt', 11], ['httpswww.auth.gr.txt', 11], ['httpswww.auth.gren.txt', 6]]"
Απριλίου,3,"[['httpauth.gr#primary.txt', 9], ['httpauth.gr.txt', 9], ['httpswww.auth.gr.txt', 9]]"
Αριστοτέλειο,4,"[['httpauth.gr#primary.txt', 15], ['httpauth.gr.txt', 15], ['httpsmy.auth.gr.txt', 3], ['httpswww.auth.gr.txt', 15]]"
Αρνητική,3,"[['httpauth.gr#primary.txt', 1], ['httpauth.gr.txt', 1], ['httpswww.auth.gr.txt', 1]]"
Αρχές,3,"[['httpauth.gr#primary.txt', 2], ['httpauth.gr.txt', 2], ['httpswww.auth.gr.txt', 2]]"
Αρχαιολογικές,3,"[['httpauth.gr#primary.txt', 3], ['httpauth.gr.txt', 3], ['httpswww.auth.gr.txt', 3]]"
Αρχεία,3,"[['httpauth.gr#primary.txt', 2], ['httpauth.gr.txt', 2], ['httpswww.auth.gr.txt', 2]]"
Αρχείο,3,"[['httpauth.gr#primary.txt', 5], ['httpauth.gr.txt', 5], ['httpswww.auth.gr.txt', 5]]"
Ασφάλεια,1,"[['httpsmy.auth.gr.txt', 1]]"
Αυγούστου,3,"[['httpauth.gr#primary.txt', 40], ['httpauth.gr.txt', 40], ['httpswww.auth.gr.txt', 40]]"
Αυτός,4,"[['httpauth.gr#primary.txt', 1], ['httpauth.gr.txt', 1], ['httpswww.auth.gr.txt', 1], ['httpswww.auth.gren.txt', 1]]"
Αύγουστο,3,"[['httpauth.gr#primary.txt', 8], ['httpauth.gr.txt', 8], ['httpswww.auth.gr.txt', 8]]"
Αύξηση,3,"[['httpauth.gr#primary.txt', 1], ['httpauth.gr.txt', 1], ['httpswww.auth.gr.txt', 1]]"
Βίου,3,"[['httpauth.gr#primary.txt', 3], ['httpauth.gr.txt', 3], ['httpswww.auth.gr.txt', 3]]"
"Βαλκάνια,",3,"[['httpauth.gr#primary.txt', 1], ['httpauth.gr.txt', 1], ['httpswww.auth.gr.txt', 1]]"
Βιβλιοθήκη,3,"[['httpauth.gr#primary.txt', 7], ['httpauth.gr.txt', 7], ['httpswww.auth.gr.txt', 7]]"
Βιβλιοθήκης,3,"[['httpauth.gr#primary.txt', 4], ['httpauth.gr.txt', 4], ['httpswww.auth.gr.txt', 4]]"
Βρείτε,1,"[['httpsmy.auth.gr.txt', 1]]"
Γ.,3,"[['httpauth.gr#primary.txt', 2], ['httpauth.gr.txt', 2], ['httpswww.auth.gr.txt', 2]]"
ΓΙΑ,3,"[['httpauth.gr#primary.txt', 2], ['httpauth.gr.txt', 2], ['httpswww.auth.gr.txt', 2]]"
ΓΡΗΓΟΡΗ,4,"[['httpauth.gr#primary.txt', 1], ['httpauth.gr.txt', 1], ['httpswww.auth.gr.txt', 1], ['httpswww.auth.gren.txt', 1]]"
Γκρι,3,"[['httpauth.gr#primary.txt', 1], ['httpauth.gr.txt', 1], ['httpswww.auth.gr.txt', 1]]"
Γλωσσών,3,"[['httpauth.gr#primary.txt', 2], ['httpauth.gr.txt', 2], ['httpswww.auth.gr.txt', 2]]"
Γλώσσας,3,"[['httpauth.gr#primary.txt', 2], ['httpauth.gr.txt', 2], ['httpswww.auth.gr.txt', 2]]"
Γραφείο,3,"[['httpauth.gr#primary.txt', 3], ['httpauth.gr.txt', 3], ['httpswww.auth.gr.txt', 3]]"
ΔΕΠ,3,"[['httpauth.gr#primary.txt', 2], ['httpauth.gr.txt', 2], ['httpswww.auth.gr.txt', 2]]"
Δήλωση,3,"[['httpauth.gr#primary.txt', 1], ['httpauth.gr.txt', 1], ['httpswww.auth.gr.txt', 1]]"
Δανεισμός,1,"[['httpsmy.auth.gr.txt', 1]]"
Δείκτες,3,"[['httpauth.gr#primary.txt', 2], ['httpauth.gr.txt', 2], ['httpswww.auth.gr.txt', 2]]"
Δεδομένα,3,"[['httpauth.gr#primary.txt', 3], ['httpauth.gr.txt', 3], ['httpswww.auth.gr.txt', 3]]"
Δελτία,3,"[['httpauth.gr#primary.txt', 3], ['httpauth.gr.txt', 3], ['httpswww.auth.gr.txt', 3]]"
"Δημοκρατίας,",3,"[['httpauth.gr#primary.txt', 2], ['httpauth.gr.txt', 2], ['httpswww.auth.gr.txt', 2]]"
Δημοκρατίας...,3,"[['httpauth.gr#primary.txt', 2], ['httpauth.gr.txt', 2], ['httpswww.auth.gr.txt', 2]]"
Διά,3,"[['httpauth.gr#primary.txt', 2], ['httpauth.gr.txt', 2], ['httpswww.auth.gr.txt', 2]]"
Διαγωνισμοί,3,"[['httpauth.gr#primary.txt', 3], ['httpauth.gr.txt', 3], ['httpswww.auth.gr.txt', 3]]"
Διαδικασία,3,"[['httpauth.gr#primary.txt', 1], ['httpauth.gr.txt', 1], ['httpswww.auth.gr.txt', 1]]"
Διαδικτυακές,3,"[['httpauth.gr#primary.txt', 1], ['httpauth.gr.txt', 1], ['httpswww.auth.gr.txt', 1]]"
Διακυβέρνησης,1,"[['httpsmy.auth.gr.txt', 2]]"
Διαμορφώστε,1,"[['httpsmy.auth.gr.txt', 1]]"
Διασφάλισης,3,"[['httpauth.gr#primary.txt', 2], ['httpauth.gr.txt', 2], ['httpswww.auth.gr.txt', 2]]"
Διασύνδεσης,3,"[['httpauth.gr#primary.txt', 3], ['httpauth.gr.txt', 3], ['httpswww.auth.gr.txt', 3]]"
Διδάκτορα,3,"[['httpauth.gr#primary.txt', 5], ['httpauth.gr.txt', 5], ['httpswww.auth.gr.txt', 5]]"
Διδασκαλίας,3,"[['httpauth.gr#primary.txt', 2], ['httpauth.gr.txt', 2], ['httpswww.auth.gr.txt', 2]]"
Διεθνή,3,"[['httpauth.gr#primary.txt', 3], ['httpauth.gr.txt', 3], ['httpswww.auth.gr.txt', 3]]"
"Δικτύων,",3,"[['httpauth.gr#primary.txt', 2], ['httpauth.gr.txt', 2], ['httpswww.auth.gr.txt', 2]]"
Διοίκηση,3,"[['httpauth.gr#primary.txt', 3], ['httpauth.gr.txt', 3], ['httpswww.auth.gr.txt', 3]]"
Διοικητικές,3,"[['httpauth.gr#primary.txt', 3], ['httpauth.gr.txt', 3], ['httpswww.auth.gr.txt', 3]]"
Διπλώματος,3,"[['httpauth.gr#primary.txt', 9], ['httpauth.gr.txt', 9], ['httpswww.auth.gr.txt', 9]]"
ΕΑΔΠ-ΑΠΘ,3,"[['httpauth.gr#primary.txt', 22], ['httpauth.gr.txt', 22], ['httpswww.auth.gr.txt', 22]]"
ΕΙΣΑΓΩΓΗ,3,"[['httpauth.gr#primary.txt', 3], ['httpauth.gr.txt', 3], ['httpswww.auth.gr.txt', 3]]"
ΕΤΟΣ,3,"[['httpauth.gr#primary.txt', 2], ['httpauth.gr.txt', 2], ['httpswww.auth.gr.txt', 2]]"
Είσοδος,1,"[['httpsmy.auth.gr.txt', 3]]"
Εβδομάδα,3,"[['httpauth.gr#primary.txt', 3], ['httpauth.gr.txt', 3], ['httpswww.auth.gr.txt', 3]]"
Εγκαταστάσεις,3,"[['httpauth.gr#primary.txt', 6], ['httpauth.gr.txt', 6], ['httpswww.auth.gr.txt', 6]]"
Εγχειρίδια,1,"[['httpsmy.auth.gr.txt', 1]]"
Εκδήλωσης,3,"[['httpauth.gr#primary.txt', 3], ['httpauth.gr.txt', 3], ['httpswww.auth.gr.txt', 3]]"
Εκδηλώσεις,4,"[['httpauth.gr#primary.txt', 6], ['httpauth.gr.txt', 6], ['httpswww.auth.gr.txt', 6], ['httpswww.auth.gren.txt', 1]]"
Εκλογές,3,"[['httpauth.gr#primary.txt', 2], ['httpauth.gr.txt', 2], ['httpswww.auth.gr.txt', 2]]"
Εκπαίδευση,3,"[['httpauth.gr#primary.txt', 2], ['httpauth.gr.txt', 2], ['httpswww.auth.gr.txt', 2]]"
Εκπαιδευτικά,3,"[['httpauth.gr#primary.txt', 2], ['httpauth.gr.txt', 2], ['httpswww.auth.gr.txt', 2]]"
Εκπαιδευτικές,3,"[['httpauth.gr#primary.txt', 1], ['httpauth.gr.txt', 1], ['httpswww.auth.gr.txt', 1]]"
Εκτός,4,"[['httpauth.gr#primary.txt', 1], ['httpauth.gr.txt', 1], ['httpswww.auth.gr.txt', 1], ['httpswww.auth.gren.txt', 1]]"
Ελληνικής,3,"[['httpauth.gr#primary.txt', 3], ['httpauth.gr.txt', 3], ['httpswww.auth.gr.txt', 3]]"
Ενδιαφέροντος,3,"[['httpauth.gr#primary.txt', 9], ['httpauth.gr.txt', 9], ['httpswww.auth.gr.txt', 9]]"
Ενώσεις,4,"[['httpauth.gr#primary.txt', 6], ['httpauth.gr.txt', 6], ['httpswww.auth.gr.txt', 6], ['httpswww.auth.gren.txt', 1]]"
Επίτιμη,3,"[['httpauth.gr#primary.txt', 1], ['httpauth.gr.txt', 1], ['httpswww.auth.gr.txt', 1]]"
Επανάστασης,3,"[['httpauth.gr#primary.txt', 2], ['httpauth.gr.txt', 2], ['httpswww.auth.gr.txt', 2]]"
Επαναφορά,3,"[['httpauth.gr#primary.txt', 1], ['httpauth.gr.txt', 1], ['httpswww.auth.gr.txt', 1]]"
Επιδόσεων,4,"[['httpauth.gr#primary.txt', 2], ['httpauth.gr.txt', 2], ['httpswww.auth.gr.txt', 2], ['httpswww.auth.gren.txt', 2]]"
Επικαιροτητα,3,"[['httpauth.gr#primary.txt', 36], ['httpauth.gr.txt', 36], ['httpswww.auth.gr.txt', 36]]"
Επικοινωνία,4,"[['httpauth.gr#primary.txt', 2], ['httpauth.gr.txt', 2], ['httpsmy.auth.gr.txt', 3], ['httpswww.auth.gr.txt', 2]]"
Επικοινωνιών,3,"[['httpauth.gr#primary.txt', 3], ['httpauth.gr.txt', 3], ['httpswww.auth.gr.txt', 3]]"
Επιλέξτε,1,"[['httpsmy.auth.gr.txt', 1]]"
Επιμόρφωσης,3,"[['httpauth.gr#primary.txt', 2], ['httpauth.gr.txt', 2], ['httpswww.auth.gr.txt', 2]]"
Επιστημονικές,1,"[['httpsmy.auth.gr.txt', 1]]"
Επιτροπές,3,"[['httpauth.gr#primary.txt', 3], ['httpauth.gr.txt', 3], ['httpswww.auth.gr.txt', 3]]"
Επιτροπή,5,"[['httpauth.gr#primary.txt', 6], ['httpauth.gr.txt', 6], ['httpsmy.auth.gr.txt', 1], ['httpswww.auth.gr.txt', 6], ['httpswww.auth.gren.txt', 3]]"
Επιτροπής,4,"[['httpauth.gr#primary.txt', 4], ['httpauth.gr.txt', 4], ['httpswww.auth.gr.txt', 4], ['httpswww.auth.gren.txt', 3]]"
Εργαλεία,3,"[['httpauth.gr#primary.txt', 1], ['httpauth.gr.txt', 1], ['httpswww.auth.gr.txt', 1]]"
Εργαστήρια,3,"[['httpauth.gr#primary.txt', 4], ['httpauth.gr.txt', 4], ['httpswww.auth.gr.txt', 4]]"
Ερευνητικά,3,"[['httpauth.gr#primary.txt', 2], ['httpauth.gr.txt', 2], ['httpswww.auth.gr.txt', 2]]"
Ερευνών,3,"[['httpauth.gr#primary.txt', 2], ['httpauth.gr.txt', 2], ['httpswww.auth.gr.txt', 2]]"
Εσωτερικού,3,"[['httpauth.gr#primary.txt', 3], ['httpauth.gr.txt', 3], ['httpswww.auth.gr.txt', 3]]"
Εσωτερικός,3,"[['httpauth.gr#primary.txt', 2], ['httpauth.gr.txt', 2], ['httpswww.auth.gr.txt', 2]]"
Ευρωπαϊκά,3,"[['httpauth.gr#primary.txt', 2], ['httpauth.gr.txt', 2], ['httpswww.auth.gr.txt', 2]]"
Ευρωπαϊκό,3,"[['httpauth.gr#primary.txt', 2], ['httpauth.gr.txt', 2], ['httpswww.auth.gr.txt', 2]]"
Η/Υ,1,"[['httpsmy.auth.gr.txt', 1]]"
Ηλεκτρονικής,1,"[['httpsmy.auth.gr.txt', 1]]"
Ηλεκτρονικό,1,"[['httpsmy.auth.gr.txt', 1]]"
Ημέρα,3,"[['httpauth.gr#primary.txt', 3], ['httpauth.gr.txt', 3], ['httpswww.auth.gr.txt', 3]]"
Ημερίδες,3,"[['httpauth.gr#primary.txt', 14], ['httpauth.gr.txt', 14], ['httpswww.auth.gr.txt', 14]]"
Ημερολόγιο,3,"[['httpauth.gr#primary.txt', 17], ['httpauth.gr.txt', 17], ['httpswww.auth.gr.txt', 17]]"
ΘΕΣΣΑΛΟΝΙΚΗΣ,3,"[['httpauth.gr#primary.txt', 7], ['httpauth.gr.txt', 7], ['httpswww.auth.gr.txt', 7]]"
Θέματα,1,"[['httpsmy.auth.gr.txt', 3]]"
Θεοδωρ...,3,"[['httpauth.gr#primary.txt', 2], ['httpauth.gr.txt', 2], ['httpswww.auth.gr.txt', 2]]"
Θεσσαλονίκης,4,"[['httpauth.gr#primary.txt', 3], ['httpauth.gr.txt', 3], ['httpsmy.auth.gr.txt', 2], ['httpswww.auth.gr.txt', 3]]"
Θεσσαλονίκης.,3,"[['httpauth.gr#primary.txt', 2], ['httpauth.gr.txt', 2], ['httpswww.auth.gr.txt', 2]]"
Ιουλίου,3,"[['httpauth.gr#primary.txt', 6], ['httpauth.gr.txt', 6], ['httpswww.auth.gr.txt', 6]]"
Ιουνίου,3,"[['httpauth.gr#primary.txt', 6], ['httpauth.gr.txt', 6], ['httpswww.auth.gr.txt', 6]]"
Ιστορική,3,"[['httpauth.gr#primary.txt', 17], ['httpauth.gr.txt', 17], ['httpswww.auth.gr.txt', 17]]"
Ιστορικό,1,"[['httpsmy.auth.gr.txt', 1]]"
Ιστοσελίδα,4,"[['httpauth.gr#primary.txt', 16], ['httpauth.gr.txt', 16], ['httpswww.auth.gr.txt', 16], ['httpswww.auth.gren.txt', 5]]"
Ιστοχώροι,1,"[['httpsmy.auth.gr.txt', 3]]"
ΚΑΙ,3,"[['httpauth.gr#primary.txt', 1], ['httpauth.gr.txt', 1], ['httpswww.auth.gr.txt', 1]]"
Κάρτες,3,"[['httpauth.gr#primary.txt', 2], ['httpauth.gr.txt', 2], ['httpswww.auth.gr.txt', 2]]"
Κέντρα,3,"[['httpauth.gr#primary.txt', 2], ['httpauth.gr.txt', 2], ['httpswww.auth.gr.txt', 2]]"
Κέντρο,4,"[['httpauth.gr#primary.txt', 9], ['httpauth.gr.txt', 9], ['httpsmy.auth.gr.txt', 3], ['httpswww.auth.gr.txt', 9]]"
Κέντρου,3,"[['httpauth.gr#primary.txt', 2], ['httpauth.gr.txt', 2], ['httpswww.auth.gr.txt', 2]]"
Καθηγητή,3,"[['httpauth.gr#primary.txt', 3], ['httpauth.gr.txt', 3], ['httpswww.auth.gr.txt', 3]]"
Κανονισμός,4,"[['httpauth.gr#primary.txt', 3], ['httpauth.gr.txt', 3], ['httpsmy.auth.gr.txt', 1], ['httpswww.auth.gr.txt', 3]]"
Καραντίνα,3,"[['httpauth.gr#primary.txt', 2], ['httpauth.gr.txt', 2], ['httpswww.auth.gr.txt', 2]]"
Κατερίνας,3,"[['httpauth.gr#primary.txt', 2], ['httpauth.gr.txt', 2], ['httpswww.auth.gr.txt', 2]]"
Κατηγορία,1,"[['httpsmy.auth.gr.txt', 1]]"
Κεντρική,3,"[['httpauth.gr#primary.txt', 1], ['httpauth.gr.txt', 1], ['httpswww.auth.gr.txt', 1]]"
Κινηματογράφου,3,"[['httpauth.gr#primary.txt', 5], ['httpauth.gr.txt', 5], ['httpswww.auth.gr.txt', 5]]"
Κλίμακα,3,"[['httpauth.gr#primary.txt', 1], ['httpauth.gr.txt', 1], ['httpswww.auth.gr.txt', 1]]"
Κλινικές,3,"[['httpauth.gr#primary.txt', 3], ['httpauth.gr.txt', 3], ['httpswww.auth.gr.txt', 3]]"
Κοσμητόρων,3,"[['httpauth.gr#primary.txt', 2], ['httpauth.gr.txt', 2], ['httpswww.auth.gr.txt', 2]]"
"Κτηνιατρικής),",3,"[['httpauth.gr#primary.txt', 17], ['httpauth.gr.txt', 17], ['httpswww.auth.gr.txt', 17]]"
Κυριακή,3,"[['httpauth.gr#primary.txt', 3], ['httpauth.gr.txt', 3], ['httpswww.auth.gr.txt', 3]]"
Λέσχης,4,"[['httpauth.gr#primary.txt', 1], ['httpauth.gr.txt', 1], ['httpswww.auth.gr.txt', 1], ['httpswww.auth.gren.txt', 1]]"
Λειτουργία,3,"[['httpauth.gr#primary.txt', 30], ['httpauth.gr.txt', 30], ['httpswww.auth.gr.txt', 30]]"
Λειτουργούν,3,"[['httpauth.gr#primary.txt', 17], ['httpauth.gr.txt', 17], ['httpswww.auth.gr.txt', 17]]"
Λογισμικό,1,"[['httpsmy.auth.gr.txt', 1]]"
Λογότυπος,3,"[['httpauth.gr#primary.txt', 2], ['httpauth.gr.txt', 2], ['httpswww.auth.gr.txt', 2]]"
ΜΟΔΙΠ,3,"[['httpauth.gr#primary.txt', 3], ['httpauth.gr.txt', 3], ['httpswww.auth.gr.txt', 3]]"
Μάθησης,3,"[['httpauth.gr#primary.txt', 2], ['httpauth.gr.txt', 2], ['httpswww.auth.gr.txt', 2]]"
Μήνυμα,3,"[['httpauth.gr#primary.txt', 4], ['httpauth.gr.txt', 4], ['httpswww.auth.gr.txt', 4]]"
Μίκη,3,"[['httpauth.gr#primary.txt', 1], ['httpauth.gr.txt', 1], ['httpswww.auth.gr.txt', 1]]"
Μαΐου,3,"[['httpauth.gr#primary.txt', 5], ['httpauth.gr.txt', 5], ['httpswww.auth.gr.txt', 5]]"
Μείωση,3,"[['httpauth.gr#primary.txt', 1], ['httpauth.gr.txt', 1], ['httpswww.auth.gr.txt', 1]]"
Μελέτη,3,"[['httpauth.gr#primary.txt', 12], ['httpauth.gr.txt', 12], ['httpswww.auth.gr.txt', 12]]"
Μενού,4,"[['httpauth.gr#primary.txt', 2], ['httpauth.gr.txt', 2], ['httpswww.auth.gr.txt', 2], ['httpswww.auth.gren.txt', 2]]"
Μετάβαση,3,"[['httpauth.gr#primary.txt', 1], ['httpauth.gr.txt', 1], ['httpswww.auth.gr.txt', 1]]"
Μεταπτυχιακές,3,"[['httpauth.gr#primary.txt', 3], ['httpauth.gr.txt', 3], ['httpswww.auth.gr.txt', 3]]"
Μια,1,"[['httpsmy.auth.gr.txt', 1]]"
Μονάδες,3,"[['httpauth.gr#primary.txt', 3], ['httpauth.gr.txt', 3], ['httpswww.auth.gr.txt', 3]]"
Μονάδων,3,"[['httpauth.gr#primary.txt', 4], ['httpauth.gr.txt', 4], ['httpswww.auth.gr.txt', 4]]"
Μουσεία,3,"[['httpauth.gr#primary.txt', 6], ['httpauth.gr.txt', 6], ['httpswww.auth.gr.txt', 6]]"
Μπορείτε,1,"[['httpsmy.auth.gr.txt', 3]]"
Νέας,3,"[['httpauth.gr#primary.txt', 2], ['httpauth.gr.txt', 2], ['httpswww.auth.gr.txt', 2]]"
Νικολάου,3,"[['httpauth.gr#primary.txt', 3], ['httpauth.gr.txt', 3], ['httpswww.auth.gr.txt', 3]]"
Νομική,3,"[['httpauth.gr#primary.txt', 3], ['httpauth.gr.txt', 3], ['httpswww.auth.gr.txt', 3]]"
Ξένων,3,"[['httpauth.gr#primary.txt', 2], ['httpauth.gr.txt', 2], ['httpswww.auth.gr.txt', 2]]"
ΟΑΣΘ,3,"[['httpauth.gr#primary.txt', 1], ['httpauth.gr.txt', 1], ['httpswww.auth.gr.txt', 1]]"
ΟΙΚΟ-ΑΠΘ,3,"[['httpauth.gr#primary.txt', 21], ['httpauth.gr.txt', 21], ['httpswww.auth.gr.txt', 21]]"
Οδηγοί,1,"[['httpsmy.auth.gr.txt', 1]]"
"Οδοντιατρικής,",3,"[['httpauth.gr#primary.txt', 2], ['httpauth.gr.txt', 2], ['httpswww.auth.gr.txt', 2]]"
Οπτικοακουστικό,3,"[['httpauth.gr#primary.txt', 4], ['httpauth.gr.txt', 4], ['httpswww.auth.gr.txt', 4]]"
ΠΑΝΕΠΙΣΤΗΜΙΟ,3,"[['httpauth.gr#primary.txt', 7], ['httpauth.gr.txt', 7], ['httpswww.auth.gr.txt', 7]]"
ΠΔ,3,"[['httpauth.gr#primary.txt', 2], ['httpauth.gr.txt', 2], ['httpswww.auth.gr.txt', 2]]"
ΠΜΣ,3,"[['httpauth.gr#primary.txt', 2], ['httpauth.gr.txt', 2], ['httpswww.auth.gr.txt', 2]]"
ΠΡΟΣΒΑΣΗΣχολές,4,"[['httpauth.gr#primary.txt', 2], ['httpauth.gr.txt', 2], ['httpswww.auth.gr.txt', 2], ['httpswww.auth.gren.txt', 2]]"
ΠΡΟΣΚΛΗΣΗ,3,"[['httpauth.gr#primary.txt', 4], ['httpauth.gr.txt', 4], ['httpswww.auth.gr.txt', 4]]"
Παγκόσμια,3,"[['httpauth.gr#primary.txt', 1], ['httpauth.gr.txt', 1], ['httpswww.auth.gr.txt', 1]]"
Πανεπιστήμιο,4,"[['httpauth.gr#primary.txt', 8], ['httpauth.gr.txt', 8], ['httpsmy.auth.gr.txt', 2], ['httpswww.auth.gr.txt', 8]]"
Πανεπιστημίου,3,"[['httpauth.gr#primary.txt', 15], ['httpauth.gr.txt', 15], ['httpswww.auth.gr.txt', 15]]"
Πανεπιστημιακά,3,"[['httpauth.gr#primary.txt', 15], ['httpauth.gr.txt', 15], ['httpswww.auth.gr.txt', 15]]"
Πανεπιστημιακές,3,"[['httpauth.gr#primary.txt', 15], ['httpauth.gr.txt', 15], ['httpswww.auth.gr.txt', 15]]"
Πανόραμα,3,"[['httpauth.gr#primary.txt', 1], ['httpauth.gr.txt', 1], ['httpswww.auth.gr.txt', 1]]"
"Παπαϊωάννου,",3,"[['httpauth.gr#primary.txt', 3], ['httpauth.gr.txt', 3], ['httpswww.auth.gr.txt', 3]]"
Παράρτημα,3,"[['httpauth.gr#primary.txt', 15], ['httpauth.gr.txt', 15], ['httpswww.auth.gr.txt', 15]]"
Παροχές,3,"[['httpauth.gr#primary.txt', 3], ['httpauth.gr.txt', 3], ['httpswww.auth.gr.txt', 3]]"
Περιβάλλοντος...,3,"[['httpauth.gr#primary.txt', 5], ['httpauth.gr.txt', 5], ['httpswww.auth.gr.txt', 5]]"
Περισσότερα,3,"[['httpauth.gr#primary.txt', 1], ['httpauth.gr.txt', 1], ['httpswww.auth.gr.txt', 1]]"
Πιστοποίηση,3,"[['httpauth.gr#primary.txt', 16], ['httpauth.gr.txt', 16], ['httpswww.auth.gr.txt', 16]]"
Πιστωτικών,3,"[['httpauth.gr#primary.txt', 2], ['httpauth.gr.txt', 2], ['httpswww.auth.gr.txt', 2]]"
Πληροφορικής,3,"[['httpauth.gr#primary.txt', 4], ['httpauth.gr.txt', 4], ['httpswww.auth.gr.txt', 4]]"
Πληροφόρησης,3,"[['httpauth.gr#primary.txt', 6], ['httpauth.gr.txt', 6], ['httpswww.auth.gr.txt', 6]]"
Ποιότητας,4,"[['httpauth.gr#primary.txt', 17], ['httpauth.gr.txt', 17], ['httpsmy.auth.gr.txt', 5], ['httpswww.auth.gr.txt', 17]]"
Πολιτική,4,"[['httpauth.gr#primary.txt', 2], ['httpauth.gr.txt', 2], ['httpsmy.auth.gr.txt', 2], ['httpswww.auth.gr.txt', 2]]"
Πολιτισμός,3,"[['httpauth.gr#primary.txt', 3], ['httpauth.gr.txt', 3], ['httpswww.auth.gr.txt', 3]]"
Πρακτική,3,"[['httpauth.gr#primary.txt', 4], ['httpauth.gr.txt', 4], ['httpswww.auth.gr.txt', 4]]"
Προέδρου,3,"[['httpauth.gr#primary.txt', 2], ['httpauth.gr.txt', 2], ['httpswww.auth.gr.txt', 2]]"
Προέδρων,3,"[['httpauth.gr#primary.txt', 2], ['httpauth.gr.txt', 2], ['httpswww.auth.gr.txt', 2]]"
Προγράμματα,3,"[['httpauth.gr#primary.txt', 4], ['httpauth.gr.txt', 4], ['httpswww.auth.gr.txt', 4]]"
Προκήρυξη,3,"[['httpauth.gr#primary.txt', 4], ['httpauth.gr.txt', 4], ['httpswww.auth.gr.txt', 4]]"
Προκηρύξεις,3,"[['httpauth.gr#primary.txt', 3], ['httpauth.gr.txt', 3], ['httpswww.auth.gr.txt', 3]]"
Προπτυχιακές,3,"[['httpauth.gr#primary.txt', 3], ['httpauth.gr.txt', 3], ['httpswww.auth.gr.txt', 3]]"
Προσβασιμότητας,4,"[['httpauth.gr#primary.txt', 13], ['httpauth.gr.txt', 13], ['httpsmy.auth.gr.txt', 3], ['httpswww.auth.gr.txt', 13]]"
Προσωπικά,3,"[['httpauth.gr#primary.txt', 2], ['httpauth.gr.txt', 2], ['httpswww.auth.gr.txt', 2]]"
Προσωπικό,1,"[['httpsmy.auth.gr.txt', 1]]"
Προσώπων,4,"[['httpauth.gr#primary.txt', 4], ['httpauth.gr.txt', 4], ['httpswww.auth.gr.txt', 4], ['httpswww.auth.gren.txt', 2]]"
Προτάσεις,3,"[['httpauth.gr#primary.txt', 4], ['httpauth.gr.txt', 4], ['httpswww.auth.gr.txt', 4]]"
Πρυτανικές,3,"[['httpauth.gr#primary.txt', 3], ['httpauth.gr.txt', 3], ['httpswww.auth.gr.txt', 3]]"
Πρόσβαση,4,"[['httpauth.gr#primary.txt', 1], ['httpauth.gr.txt', 1], ['httpsmy.auth.gr.txt', 1], ['httpswww.auth.gr.txt', 1]]"
Πρόσκληση,3,"[['httpauth.gr#primary.txt', 2], ['httpauth.gr.txt', 2], ['httpswww.auth.gr.txt', 2]]"
Πρύτανη,3,"[['httpauth.gr#primary.txt', 4], ['httpauth.gr.txt', 4], ['httpswww.auth.gr.txt', 4]]"
Σήμερα,4,"[['httpauth.gr#primary.txt', 11], ['httpauth.gr.txt', 11], ['httpswww.auth.gr.txt', 11], ['httpswww.auth.gren.txt', 6]]"
Σακελλαροπούλου,3,"[['httpauth.gr#primary.txt', 2], ['httpauth.gr.txt', 2], ['httpswww.auth.gr.txt', 2]]"
Σεπτέμβριο,3,"[['httpauth.gr#primary.txt', 2], ['httpauth.gr.txt', 2], ['httpswww.auth.gr.txt', 2]]"
Σεπτεμβρίου,3,"[['httpauth.gr#primary.txt', 2], ['httpauth.gr.txt', 2], ['httpswww.auth.gr.txt', 2]]"
Σπουδές,3,"[['httpauth.gr#primary.txt', 6], ['httpauth.gr.txt', 6], ['httpswww.auth.gr.txt', 6]]"
Σπουδαστήρια,3,"[['httpauth.gr#primary.txt', 5], ['httpauth.gr.txt', 5], ['httpswww.auth.gr.txt', 5]]"
Σπουδαστήρια.,3,"[['httpauth.gr#primary.txt', 2], ['httpauth.gr.txt', 2], ['httpswww.auth.gr.txt', 2]]"
Σπουδών,3,"[['httpauth.gr#primary.txt', 6], ['httpauth.gr.txt', 6], ['httpswww.auth.gr.txt', 6]]"
Σταδιοδρομίας,3,"[['httpauth.gr#primary.txt', 6], ['httpauth.gr.txt', 6], ['httpswww.auth.gr.txt', 6]]"
Στατιστικά,1,"[['httpsmy.auth.gr.txt', 3]]"
Στρατηγικοί,3,"[['httpauth.gr#primary.txt', 16], ['httpauth.gr.txt', 16], ['httpswww.auth.gr.txt', 16]]"
Στόχοι,3,"[['httpauth.gr#primary.txt', 3], ['httpauth.gr.txt', 3], ['httpswww.auth.gr.txt', 3]]"
Συλλογές,3,"[['httpauth.gr#primary.txt', 3], ['httpauth.gr.txt', 3], ['httpswww.auth.gr.txt', 3]]"
Συλλογή,3,"[['httpauth.gr#primary.txt', 3], ['httpauth.gr.txt', 3], ['httpswww.auth.gr.txt', 3]]"
Συνέδρια,4,"[['httpauth.gr#primary.txt', 3], ['httpauth.gr.txt', 3], ['httpswww.auth.gr.txt', 3], ['httpswww.auth.gren.txt', 1]]"
Συνολικά,3,"[['httpauth.gr#primary.txt', 2], ['httpauth.gr.txt', 2], ['httpswww.auth.gr.txt', 2]]"
Συστήματος,3,"[['httpauth.gr#primary.txt', 10], ['httpauth.gr.txt', 10], ['httpswww.auth.gr.txt', 10]]"
Συχνές,1,"[['httpsmy.auth.gr.txt', 1]]"
ΣχετικάΤο,1,"[['httpsmy.auth.gr.txt', 1]]"
Σχολές,3,"[['httpauth.gr#primary.txt', 3], ['httpauth.gr.txt', 3], ['httpswww.auth.gr.txt', 3]]"
Σχολή,3,"[['httpauth.gr#primary.txt', 3], ['httpauth.gr.txt', 3], ['httpswww.auth.gr.txt', 3]]"
Σχολείο,3,"[['httpauth.gr#primary.txt', 3], ['httpauth.gr.txt', 3], ['httpswww.auth.gr.txt', 3]]"
Σχολών,3,"[['httpauth.gr#primary.txt', 2], ['httpauth.gr.txt', 2], ['httpswww.auth.gr.txt', 2]]"
Σύλλογοι,3,"[['httpauth.gr#primary.txt', 3], ['httpauth.gr.txt', 3], ['httpswww.auth.gr.txt', 3]]"
Σύλλογος,4,"[['httpauth.gr#primary.txt', 4], ['httpauth.gr.txt', 4], ['httpswww.auth.gr.txt', 4], ['httpswww.auth.gren.txt', 2]]"
Σύστημα,3,"[['httpauth.gr#primary.txt', 15], ['httpauth.gr.txt', 15], ['httpswww.auth.gr.txt', 15]]"
ΤΕΧΝΟΛΟΓΙΑ,3,"[['httpauth.gr#primary.txt', 3], ['httpauth.gr.txt', 3], ['httpswww.auth.gr.txt', 3]]"
ΤΗΝ,3,"[['httpauth.gr#primary.txt', 3], ['httpauth.gr.txt', 3], ['httpswww.auth.gr.txt', 3]]"
Ταινιών,3,"[['httpauth.gr#primary.txt', 1], ['httpauth.gr.txt', 1], ['httpswww.auth.gr.txt', 1]]"
Τεκμηρίων,3,"[['httpauth.gr#primary.txt', 2], ['httpauth.gr.txt', 2], ['httpswww.auth.gr.txt', 2]]"
Τεχνική,1,"[['httpsmy.auth.gr.txt', 1]]"
Τηλεκπαίδευση,1,"[['httpsmy.auth.gr.txt', 1]]"
Τηλεφωνία,1,"[['httpsmy.auth.gr.txt', 1]]"
Τμήματα,4,"[['httpauth.gr#primary.txt', 5], ['httpauth.gr.txt', 5], ['httpswww.auth.gr.txt', 5], ['httpswww.auth.gren.txt', 1]]"
Τμήματος,3,"[['httpauth.gr#primary.txt', 6], ['httpauth.gr.txt', 6], ['httpswww.auth.gr.txt', 6]]"
Τμημάτων,3,"[['httpauth.gr#primary.txt', 7], ['httpauth.gr.txt', 7], ['httpswww.auth.gr.txt', 7]]"
Το,3,"[['httpauth.gr#primary.txt', 7], ['httpauth.gr.txt', 7], ['httpswww.auth.gr.txt', 7]]"
Τρίτων,3,"[['httpauth.gr#primary.txt', 9], ['httpauth.gr.txt', 9], ['httpswww.auth.gr.txt', 9]]"
Τρικόγλου,3,"[['httpauth.gr#primary.txt', 2], ['httpauth.gr.txt', 2], ['httpswww.auth.gr.txt', 2]]"
Τύπου,3,"[['httpauth.gr#primary.txt', 5], ['httpauth.gr.txt', 5], ['httpswww.auth.gr.txt', 5]]"
ΥΛΙΚΩΝ»,3,"[['httpauth.gr#primary.txt', 1], ['httpauth.gr.txt', 1], ['httpswww.auth.gr.txt', 1]]"
Υπερυπολογιστικές,1,"[['httpsmy.auth.gr.txt', 1]]"
Υπηρεσίες,3,"[['httpauth.gr#primary.txt', 7], ['httpauth.gr.txt', 7], ['httpswww.auth.gr.txt', 7]]"
ΥπηρεσίεςΛογαριασμός,1,"[['httpsmy.auth.gr.txt', 3]]"
Υπηρεσιακών,3,"[['httpauth.gr#primary.txt', 1], ['httpauth.gr.txt', 1], ['httpswww.auth.gr.txt', 1]]"
Υποβολή,3,"[['httpauth.gr#primary.txt', 3], ['httpauth.gr.txt', 3], ['httpswww.auth.gr.txt', 3]]"
Υπογραμμίσεις,3,"[['httpauth.gr#primary.txt', 1], ['httpauth.gr.txt', 1], ['httpswww.auth.gr.txt', 1]]"
ΥποδομήΔίκτυο,1,"[['httpsmy.auth.gr.txt', 1]]"
ΥποστήριξηΕκπαιδευτικές,1,"[['httpsmy.auth.gr.txt', 3]]"
Υποχρεωτικά,4,"[['httpauth.gr#primary.txt', 2], ['httpauth.gr.txt', 2], ['httpswww.auth.gr.txt', 2], ['httpswww.auth.gren.txt', 2]]"
Υψηλή,3,"[['httpauth.gr#primary.txt', 1], ['httpauth.gr.txt', 1], ['httpswww.auth.gr.txt', 1]]"
ΦΟΙΤΗΤΩΝ,3,"[['httpauth.gr#primary.txt', 4], ['httpauth.gr.txt', 4], ['httpswww.auth.gr.txt', 4]]"
Φοιτητική,3,"[['httpauth.gr#primary.txt', 17], ['httpauth.gr.txt', 17], ['httpswww.auth.gr.txt', 17]]"
Φοιτητών,4,"[['httpauth.gr#primary.txt', 17], ['httpauth.gr.txt', 17], ['httpswww.auth.gr.txt', 17], ['httpswww.auth.gren.txt', 12]]"
Φορέων,3,"[['httpauth.gr#primary.txt', 3], ['httpauth.gr.txt', 3], ['httpswww.auth.gr.txt', 3]]"
Φυσική,3,"[['httpauth.gr#primary.txt', 2], ['httpauth.gr.txt', 2], ['httpswww.auth.gr.txt', 2]]"
Χάρτης,3,"[['httpauth.gr#primary.txt', 27], ['httpauth.gr.txt', 27], ['httpswww.auth.gr.txt', 27]]"
Χρήστης,1,"[['httpsmy.auth.gr.txt', 1]]"
Χρησιμοποιούμε,4,"[['httpauth.gr#primary.txt', 7], ['httpauth.gr.txt', 7], ['httpswww.auth.gr.txt', 7], ['httpswww.auth.gren.txt', 7]]"
Χρησιμοποιούνται,4,"[['httpauth.gr#primary.txt', 2], ['httpauth.gr.txt', 2], ['httpswww.auth.gr.txt', 2], ['httpswww.auth.gren.txt', 2]]"
Ψηφιακής,1,"[['httpsmy.auth.gr.txt', 1]]"
Ψυχαγωγίας,3,"[['httpauth.gr#primary.txt', 1], ['httpauth.gr.txt', 1], ['httpswww.auth.gr.txt', 1]]"
άλλες,3,"[['httpauth.gr#primary.txt', 1], ['httpauth.gr.txt', 1], ['httpswww.auth.gr.txt', 1]]"
άσκηση,3,"[['httpauth.gr#primary.txt', 1], ['httpauth.gr.txt', 1], ['httpswww.auth.gr.txt', 1]]"
έκταση,3,"[['httpauth.gr#primary.txt', 1], ['httpauth.gr.txt', 1], ['httpswww.auth.gr.txt', 1]]"
ένα,4,"[['httpauth.gr#primary.txt', 2], ['httpauth.gr.txt', 2], ['httpsmy.auth.gr.txt', 3], ['httpswww.auth.gr.txt', 2]]"
έτος,3,"[['httpauth.gr#primary.txt', 5], ['httpauth.gr.txt', 5], ['httpswww.auth.gr.txt', 5]]"
αγαπημένους,1,"[['httpsmy.auth.gr.txt', 1]]"
αδειοδοτείται,4,"[['httpauth.gr#primary.txt', 2], ['httpauth.gr.txt', 2], ['httpswww.auth.gr.txt', 2], ['httpswww.auth.gren.txt', 2]]"
αιτήσεων,3,"[['httpauth.gr#primary.txt', 5], ['httpauth.gr.txt', 5], ['httpswww.auth.gr.txt', 5]]"
ακαδ.,3,"[['httpauth.gr#primary.txt', 1], ['httpauth.gr.txt', 1], ['httpswww.auth.gr.txt', 1]]"
αμφιθέατρα...,3,"[['httpauth.gr#primary.txt', 1], ['httpauth.gr.txt', 1], ['httpswww.auth.gr.txt', 1]]"
αναγκών,4,"[['httpauth.gr#primary.txt', 3], ['httpauth.gr.txt', 3], ['httpswww.auth.gr.txt', 3], ['httpswww.auth.gren.txt', 3]]"
αναφέρεται,4,"[['httpauth.gr#primary.txt', 2], ['httpauth.gr.txt', 2], ['httpswww.auth.gr.txt', 2], ['httpswww.auth.gren.txt', 2]]"
αξιοποιώντας,1,"[['httpsmy.auth.gr.txt', 2]]"
απασχόλησης...,3,"[['httpauth.gr#primary.txt', 1], ['httpauth.gr.txt', 1], ['httpswww.auth.gr.txt', 1]]"
απεριορίστων,3,"[['httpauth.gr#primary.txt', 10], ['httpauth.gr.txt', 10], ['httpswww.auth.gr.txt', 10]]"
αποζημίωσης,3,"[['httpauth.gr#primary.txt', 2], ['httpauth.gr.txt', 2], ['httpswww.auth.gr.txt', 2]]"
αποσύνδεσή,4,"[['httpauth.gr#primary.txt', 1], ['httpauth.gr.txt', 1], ['httpswww.auth.gr.txt', 1], ['httpswww.auth.gren.txt', 1]]"
αποτελεί,3,"[['httpauth.gr#primary.txt', 2], ['httpauth.gr.txt', 2], ['httpswww.auth.gr.txt', 2]]"
αποχαιρετά,3,"[['httpauth.gr#primary.txt', 2], ['httpauth.gr.txt', 2], ['httpswww.auth.gr.txt', 2]]"
από,5,"[['httpauth.gr#primary.txt', 8], ['httpauth.gr.txt', 8], ['httpsmy.auth.gr.txt', 1], ['httpswww.auth.gr.txt', 8], ['httpswww.auth.gren.txt', 3]]"
αρκεί,1,"[['httpsmy.auth.gr.txt', 1]]"
ασφάλειας,1,"[['httpsmy.auth.gr.txt', 1]]"
αφενός,4,"[['httpauth.gr#primary.txt', 1], ['httpauth.gr.txt', 1], ['httpswww.auth.gr.txt', 1], ['httpswww.auth.gren.txt', 1]]"
"αφετέρου,",4,"[['httpauth.gr#primary.txt', 1], ['httpauth.gr.txt', 1], ['httpswww.auth.gr.txt', 1], ['httpswww.auth.gren.txt', 1]]"
βελτίωση,4,"[['httpauth.gr#primary.txt', 2], ['httpauth.gr.txt', 2], ['httpswww.auth.gr.txt', 2], ['httpswww.auth.gren.txt', 2]]"
βιβλιοθήκες,3,"[['httpauth.gr#primary.txt', 2], ['httpauth.gr.txt', 2], ['httpswww.auth.gr.txt', 2]]"
βιβλιοθηκών,3,"[['httpauth.gr#primary.txt', 2], ['httpauth.gr.txt', 2], ['httpswww.auth.gr.txt', 2]]"
βρίσκεται,3,"[['httpauth.gr#primary.txt', 1], ['httpauth.gr.txt', 1], ['httpswww.auth.gr.txt', 1]]"
βρίσκονται,3,"[['httpauth.gr#primary.txt', 2], ['httpauth.gr.txt', 2], ['httpswww.auth.gr.txt', 2]]"
για,2,"[['httpsmy.auth.gr.txt', 1], ['httpswww.auth.gren.txt', 9]]"
για:,3,"[['httpauth.gr#primary.txt', 19], ['httpauth.gr.txt', 19], ['httpswww.auth.gr.txt', 19]]"
γλώσσας,4,"[['httpauth.gr#primary.txt', 1], ['httpauth.gr.txt', 1], ['httpswww.auth.gr.txt', 1], ['httpswww.auth.gren.txt', 1]]"
γνώσης,4,"[['httpauth.gr#primary.txt', 1], ['httpauth.gr.txt', 1], ['httpswww.auth.gr.txt', 1], ['httpswww.auth.gren.txt', 1]]"
γραμμή,3,"[['httpauth.gr#primary.txt', 1], ['httpauth.gr.txt', 1], ['httpswww.auth.gr.txt', 1]]"
γραμματοσειρά,3,"[['httpauth.gr#primary.txt', 1], ['httpauth.gr.txt', 1], ['httpswww.auth.gr.txt', 1]]"
δάσους-,3,"[['httpauth.gr#primary.txt', 2], ['httpauth.gr.txt', 2], ['httpswww.auth.gr.txt', 2]]"
δίκτυο,1,"[['httpsmy.auth.gr.txt', 1]]"
δημιουργικής,3,"[['httpauth.gr#primary.txt', 3], ['httpauth.gr.txt', 3], ['httpswww.auth.gr.txt', 3]]"
δημοσιεύματα/συνεντεύξεις...,3,"[['httpauth.gr#primary.txt', 2], ['httpauth.gr.txt', 2], ['httpswww.auth.gr.txt', 2]]"
διαβατήριο,3,"[['httpauth.gr#primary.txt', 3], ['httpauth.gr.txt', 3], ['httpswww.auth.gr.txt', 3]]"
διαδρομών,3,"[['httpauth.gr#primary.txt', 3], ['httpauth.gr.txt', 3], ['httpswww.auth.gr.txt', 3]]"
διαθέσιμα,1,"[['httpsmy.auth.gr.txt', 1]]"
διαθέσιμους,1,"[['httpsmy.auth.gr.txt', 1]]"
"διαφορετικά,",4,"[['httpauth.gr#primary.txt', 2], ['httpauth.gr.txt', 2], ['httpswww.auth.gr.txt', 2], ['httpswww.auth.gren.txt', 2]]"
διεθνώς,3,"[['httpauth.gr#primary.txt', 1], ['httpauth.gr.txt', 1], ['httpswww.auth.gr.txt', 1]]"
διευκόλυνση,4,"[['httpauth.gr#primary.txt', 2], ['httpauth.gr.txt', 2], ['httpswww.auth.gr.txt', 2], ['httpswww.auth.gren.txt', 2]]"
δικούς,1,"[['httpsmy.auth.gr.txt', 2]]"
δικτυακού,4,"[['httpauth.gr#primary.txt', 3], ['httpauth.gr.txt', 3], ['httpswww.auth.gr.txt', 3], ['httpswww.auth.gren.txt', 3]]"
"διοικητικές,",3,"[['httpauth.gr#primary.txt', 2], ['httpauth.gr.txt', 2], ['httpswww.auth.gr.txt', 2]]"
δράσεις,1,"[['httpsmy.auth.gr.txt', 3]]"
δράση,3,"[['httpauth.gr#primary.txt', 1], ['httpauth.gr.txt', 1], ['httpswww.auth.gr.txt', 1]]"
δυνατότητα,3,"[['httpauth.gr#primary.txt', 16], ['httpauth.gr.txt', 16], ['httpswww.auth.gr.txt', 16]]"
δώστε,1,"[['httpsmy.auth.gr.txt', 1]]"
είσοδο,1,"[['httpsmy.auth.gr.txt', 1]]"
είσοδος,1,"[['httpsmy.auth.gr.txt', 1]]"
είτε,3,"[['httpauth.gr#primary.txt', 2], ['httpauth.gr.txt', 2], ['httpswww.auth.gr.txt', 2]]"
εγκαταστάσεις,3,"[['httpauth.gr#primary.txt', 2], ['httpauth.gr.txt', 2], ['httpswww.auth.gr.txt', 2]]"
εισαγωγή,3,"[['httpauth.gr#primary.txt', 2], ['httpauth.gr.txt', 2], ['httpswww.auth.gr.txt', 2]]"
εκπαίδευσης,3,"[['httpauth.gr#primary.txt', 2], ['httpauth.gr.txt', 2], ['httpswww.auth.gr.txt', 2]]"
εκπαιδευτικές,3,"[['httpauth.gr#primary.txt', 2], ['httpauth.gr.txt', 2], ['httpswww.auth.gr.txt', 2]]"
εκπομπές,3,"[['httpauth.gr#primary.txt', 3], ['httpauth.gr.txt', 3], ['httpswww.auth.gr.txt', 3]]"
εκτείνεται,3,"[['httpauth.gr#primary.txt', 2], ['httpauth.gr.txt', 2], ['httpswww.auth.gr.txt', 2]]"
εκτός,3,"[['httpauth.gr#primary.txt', 4], ['httpauth.gr.txt', 4], ['httpswww.auth.gr.txt', 4]]"
ελen,1,"[['httpsmy.auth.gr.txt', 1]]"
ελληνικό,3,"[['httpauth.gr#primary.txt', 1], ['httpauth.gr.txt', 1], ['httpswww.auth.gr.txt', 1]]"
εμβολιασμός,3,"[['httpauth.gr#primary.txt', 2], ['httpauth.gr.txt', 2], ['httpswww.auth.gr.txt', 2]]"
εν,3,"[['httpauth.gr#primary.txt', 1], ['httpauth.gr.txt', 1], ['httpswww.auth.gr.txt', 1]]"
ενδιαφέρει,1,"[['httpsmy.auth.gr.txt', 1]]"
ενώ,3,"[['httpauth.gr#primary.txt', 1], ['httpauth.gr.txt', 1], ['httpswww.auth.gr.txt', 1]]"
εξαμήνου,3,"[['httpauth.gr#primary.txt', 3], ['httpauth.gr.txt', 3], ['httpswww.auth.gr.txt', 3]]"
επέτειο,3,"[['httpauth.gr#primary.txt', 2], ['httpauth.gr.txt', 2], ['httpswww.auth.gr.txt', 2]]"
επιδόσεων.,4,"[['httpauth.gr#primary.txt', 1], ['httpauth.gr.txt', 1], ['httpswww.auth.gr.txt', 1], ['httpswww.auth.gren.txt', 1]]"
επιλέξετε,1,"[['httpsmy.auth.gr.txt', 1]]"
επιλεγμένα,3,"[['httpauth.gr#primary.txt', 2], ['httpauth.gr.txt', 2], ['httpswww.auth.gr.txt', 2]]"
"επισκέπτες,",4,"[['httpauth.gr#primary.txt', 2], ['httpauth.gr.txt', 2], ['httpswww.auth.gr.txt', 2], ['httpswww.auth.gren.txt', 2]]"
επισκεπτών,4,"[['httpauth.gr#primary.txt', 2], ['httpauth.gr.txt', 2], ['httpswww.auth.gr.txt', 2], ['httpswww.auth.gren.txt', 2]]"
επιστροφή,3,"[['httpauth.gr#primary.txt', 3], ['httpauth.gr.txt', 3], ['httpswww.auth.gr.txt', 3]]"
εποχή,3,"[['httpauth.gr#primary.txt', 3], ['httpauth.gr.txt', 3], ['httpswww.auth.gr.txt', 3]]"
εργαλείων,3,"[['httpauth.gr#primary.txt', 1], ['httpauth.gr.txt', 1], ['httpswww.auth.gr.txt', 1]]"
ερωτήσεις,1,"[['httpsmy.auth.gr.txt', 3]]"
εφαρμογές,1,"[['httpsmy.auth.gr.txt', 1]]"
εύκολα,1,"[['httpsmy.auth.gr.txt', 1]]"
ζωη,3,"[['httpauth.gr#primary.txt', 2], ['httpauth.gr.txt', 2], ['httpswww.auth.gr.txt', 2]]"
ηλεκτρονικές,1,"[['httpsmy.auth.gr.txt', 1]]"
θέματα,3,"[['httpauth.gr#primary.txt', 1], ['httpauth.gr.txt', 1], ['httpswww.auth.gr.txt', 1]]"
θέσεων,3,"[['httpauth.gr#primary.txt', 5], ['httpauth.gr.txt', 5], ['httpswww.auth.gr.txt', 5]]"
θεσμοθετημένα,3,"[['httpauth.gr#primary.txt', 14], ['httpauth.gr.txt', 14], ['httpswww.auth.gr.txt', 14]]"
θεσμοθετημένες),3,"[['httpauth.gr#primary.txt', 13], ['httpauth.gr.txt', 13], ['httpswww.auth.gr.txt', 13]]"
ιατρικής,3,"[['httpauth.gr#primary.txt', 2], ['httpauth.gr.txt', 2], ['httpswww.auth.gr.txt', 2]]"
ιδρυματικού,1,"[['httpsmy.auth.gr.txt', 1]]"
ικανοποίηση,4,"[['httpauth.gr#primary.txt', 1], ['httpauth.gr.txt', 1], ['httpswww.auth.gr.txt', 1], ['httpswww.auth.gren.txt', 1]]"
ιστοτόπου,4,"[['httpauth.gr#primary.txt', 7], ['httpauth.gr.txt', 7], ['httpswww.auth.gr.txt', 7], ['httpswww.auth.gren.txt', 6]]"
ιστοχώρου.,4,"[['httpauth.gr#primary.txt', 4], ['httpauth.gr.txt', 4], ['httpswww.auth.gr.txt', 4], ['httpswww.auth.gren.txt', 3]]"
ιστοχώρους,1,"[['httpsmy.auth.gr.txt', 1]]"
ιστότοπος,4,"[['httpauth.gr#primary.txt', 1], ['httpauth.gr.txt', 1], ['httpswww.auth.gr.txt', 1], ['httpswww.auth.gren.txt', 1]]"
ιστότοπου,4,"[['httpauth.gr#primary.txt', 2], ['httpauth.gr.txt', 2], ['httpswww.auth.gr.txt', 2], ['httpswww.auth.gren.txt', 2]]"
κάλυψη,4,"[['httpauth.gr#primary.txt', 1], ['httpauth.gr.txt', 1], ['httpswww.auth.gr.txt', 1], ['httpswww.auth.gren.txt', 1]]"
κέντρο,3,"[['httpauth.gr#primary.txt', 2], ['httpauth.gr.txt', 2], ['httpswww.auth.gr.txt', 2]]"
κα...,3,"[['httpauth.gr#primary.txt', 1], ['httpauth.gr.txt', 1], ['httpswww.auth.gr.txt', 1]]"
καθώς,4,"[['httpauth.gr#primary.txt', 1], ['httpauth.gr.txt', 1], ['httpswww.auth.gr.txt', 1], ['httpswww.auth.gren.txt', 1]]"
και,5,"[['httpauth.gr#primary.txt', 24], ['httpauth.gr.txt', 24], ['httpsmy.auth.gr.txt', 1], ['httpswww.auth.gr.txt', 24], ['httpswww.auth.gren.txt', 4]]"
καιρώ,3,"[['httpauth.gr#primary.txt', 11], ['httpauth.gr.txt', 11], ['httpswww.auth.gr.txt', 11]]"
καραντίνα…,3,"[['httpauth.gr#primary.txt', 2], ['httpauth.gr.txt', 2], ['httpswww.auth.gr.txt', 2]]"
καταξιωμένο,3,"[['httpauth.gr#primary.txt', 3], ['httpauth.gr.txt', 3], ['httpswww.auth.gr.txt', 3]]"
κειμένου,3,"[['httpauth.gr#primary.txt', 2], ['httpauth.gr.txt', 2], ['httpswww.auth.gr.txt', 2]]"
κι,4,"[['httpauth.gr#primary.txt', 1], ['httpauth.gr.txt', 1], ['httpswww.auth.gr.txt', 1], ['httpswww.auth.gren.txt', 1]]"
κορυφαίο,3,"[['httpauth.gr#primary.txt', 2], ['httpauth.gr.txt', 2], ['httpswww.auth.gr.txt', 2]]"
κυρίως,3,"[['httpauth.gr#primary.txt', 1], ['httpauth.gr.txt', 1], ['httpswww.auth.gr.txt', 1]]"
λογαριασμού.,1,"[['httpsmy.auth.gr.txt', 1]]"
μέλος,3,"[['httpauth.gr#primary.txt', 2], ['httpauth.gr.txt', 2], ['httpswww.auth.gr.txt', 2]]"
μέχρι,4,"[['httpauth.gr#primary.txt', 1], ['httpauth.gr.txt', 1], ['httpswww.auth.gr.txt', 1], ['httpswww.auth.gren.txt', 1]]"
μήνα,3,"[['httpauth.gr#primary.txt', 4], ['httpauth.gr.txt', 4], ['httpswww.auth.gr.txt', 4]]"
μαζί,3,"[['httpauth.gr#primary.txt', 1], ['httpauth.gr.txt', 1], ['httpswww.auth.gr.txt', 1]]"
μαθήματα,3,"[['httpauth.gr#primary.txt', 2], ['httpauth.gr.txt', 2], ['httpswww.auth.gr.txt', 2]]"
μας,4,"[['httpauth.gr#primary.txt', 5], ['httpauth.gr.txt', 5], ['httpswww.auth.gr.txt', 5], ['httpswww.auth.gren.txt', 5]]"
μας.,4,"[['httpauth.gr#primary.txt', 4], ['httpauth.gr.txt', 4], ['httpswww.auth.gr.txt', 4], ['httpswww.auth.gren.txt', 4]]"
μεγαλύτερες,3,"[['httpauth.gr#primary.txt', 7], ['httpauth.gr.txt', 7], ['httpswww.auth.gr.txt', 7]]"
μεγαλύτερο,3,"[['httpauth.gr#primary.txt', 8], ['httpauth.gr.txt', 8], ['httpswww.auth.gr.txt', 8]]"
μονοτμηματική,3,"[['httpauth.gr#primary.txt', 2], ['httpauth.gr.txt', 2], ['httpswww.auth.gr.txt', 2]]"
μουσικοσυνθέτη,3,"[['httpauth.gr#primary.txt', 15], ['httpauth.gr.txt', 15], ['httpswww.auth.gr.txt', 15]]"
μόνο,3,"[['httpauth.gr#primary.txt', 2], ['httpauth.gr.txt', 2], ['httpswww.auth.gr.txt', 2]]"
νησίδες,1,"[['httpsmy.auth.gr.txt', 1]]"
οικογένειάς,3,"[['httpauth.gr#primary.txt', 2], ['httpauth.gr.txt', 2], ['httpswww.auth.gr.txt', 2]]"
οποίων,3,"[['httpauth.gr#primary.txt', 2], ['httpauth.gr.txt', 2], ['httpswww.auth.gr.txt', 2]]"
οργάνων,3,"[['httpauth.gr#primary.txt', 2], ['httpauth.gr.txt', 2], ['httpswww.auth.gr.txt', 2]]"
ορισμένες,3,"[['httpauth.gr#primary.txt', 2], ['httpauth.gr.txt', 2], ['httpswww.auth.gr.txt', 2]]"
πανδημίας:,3,"[['httpauth.gr#primary.txt', 3], ['httpauth.gr.txt', 3], ['httpswww.auth.gr.txt', 3]]"
πανδημίας»,3,"[['httpauth.gr#primary.txt', 3], ['httpauth.gr.txt', 3], ['httpswww.auth.gr.txt', 3]]"
πανεπιστήμιο.,3,"[['httpauth.gr#primary.txt', 3], ['httpauth.gr.txt', 3], ['httpswww.auth.gr.txt', 3]]"
πανεπιστημίου,1,"[['httpsmy.auth.gr.txt', 1]]"
πανεπιστημιούπολης,3,"[['httpauth.gr#primary.txt', 13], ['httpauth.gr.txt', 13], ['httpswww.auth.gr.txt', 13]]"
παρακολούθησης,4,"[['httpauth.gr#primary.txt', 1], ['httpauth.gr.txt', 1], ['httpswww.auth.gr.txt', 1], ['httpswww.auth.gren.txt', 1]]"
παραμένουν,4,"[['httpauth.gr#primary.txt', 1], ['httpauth.gr.txt', 1], ['httpswww.auth.gr.txt', 1], ['httpswww.auth.gren.txt', 1]]"
περίπου,3,"[['httpauth.gr#primary.txt', 3], ['httpauth.gr.txt', 3], ['httpswww.auth.gr.txt', 3]]"
περιεχομένου,4,"[['httpauth.gr#primary.txt', 2], ['httpauth.gr.txt', 2], ['httpswww.auth.gr.txt', 2], ['httpswww.auth.gren.txt', 2]]"
περιεχόμενο,4,"[['httpauth.gr#primary.txt', 8], ['httpauth.gr.txt', 8], ['httpswww.auth.gr.txt', 8], ['httpswww.auth.gren.txt', 7]]"
περιλαμβάνει,3,"[['httpauth.gr#primary.txt', 1], ['httpauth.gr.txt', 1], ['httpswww.auth.gr.txt', 1]]"
περισσοτέρων,4,"[['httpauth.gr#primary.txt', 1], ['httpauth.gr.txt', 1], ['httpswww.auth.gr.txt', 1], ['httpswww.auth.gren.txt', 1]]"
περισσότερων,4,"[['httpauth.gr#primary.txt', 1], ['httpauth.gr.txt', 1], ['httpswww.auth.gr.txt', 1], ['httpswww.auth.gren.txt', 1]]"
περιφερειακές,3,"[['httpauth.gr#primary.txt', 1], ['httpauth.gr.txt', 1], ['httpswww.auth.gr.txt', 1]]"
πληροφοριών,4,"[['httpauth.gr#primary.txt', 2], ['httpauth.gr.txt', 2], ['httpswww.auth.gr.txt', 2], ['httpswww.auth.gren.txt', 2]]"
που,1,"[['httpsmy.auth.gr.txt', 1]]"
πραγματοποίησης,3,"[['httpauth.gr#primary.txt', 6], ['httpauth.gr.txt', 6], ['httpswww.auth.gr.txt', 6]]"
προσβασιμότητας,3,"[['httpauth.gr#primary.txt', 1], ['httpauth.gr.txt', 1], ['httpswww.auth.gr.txt', 1]]"
προσθέσετε,1,"[['httpsmy.auth.gr.txt', 1]]"
προτίμηση,4,"[['httpauth.gr#primary.txt', 1], ['httpauth.gr.txt', 1], ['httpswww.auth.gr.txt', 1], ['httpswww.auth.gren.txt', 1]]"
προτιμήσεις,1,"[['httpsmy.auth.gr.txt', 1]]"
πρόσβασή,1,"[['httpsmy.auth.gr.txt', 1]]"
πόλεις.,3,"[['httpauth.gr#primary.txt', 1], ['httpauth.gr.txt', 1], ['httpswww.auth.gr.txt', 1]]"
πόλη,3,"[['httpauth.gr#primary.txt', 2], ['httpauth.gr.txt', 2], ['httpswww.auth.gr.txt', 2]]"
πόλης,3,"[['httpauth.gr#primary.txt', 1], ['httpauth.gr.txt', 1], ['httpswww.auth.gr.txt', 1]]"
πύλες,3,"[['httpauth.gr#primary.txt', 1], ['httpauth.gr.txt', 1], ['httpswww.auth.gr.txt', 1]]"
σας,1,"[['httpsmy.auth.gr.txt', 5]]"
σας.,1,"[['httpsmy.auth.gr.txt', 3]]"
σελιδοδείκτες,1,"[['httpsmy.auth.gr.txt', 1]]"
σημείο,1,"[['httpsmy.auth.gr.txt', 2]]"
σκοπούς,4,"[['httpauth.gr#primary.txt', 1], ['httpauth.gr.txt', 1], ['httpswww.auth.gr.txt', 1], ['httpswww.auth.gren.txt', 1]]"
σκυτάλη,4,"[['httpauth.gr#primary.txt', 1], ['httpauth.gr.txt', 1], ['httpswww.auth.gr.txt', 1], ['httpswww.auth.gren.txt', 1]]"
στην,3,"[['httpauth.gr#primary.txt', 30], ['httpauth.gr.txt', 30], ['httpswww.auth.gr.txt', 30]]"
στοιχεία,1,"[['httpsmy.auth.gr.txt', 1]]"
στόχο,4,"[['httpauth.gr#primary.txt', 1], ['httpauth.gr.txt', 1], ['httpswww.auth.gr.txt', 1], ['httpswww.auth.gren.txt', 1]]"
"στόχο,",4,"[['httpauth.gr#primary.txt', 1], ['httpauth.gr.txt', 1], ['httpswww.auth.gr.txt', 1], ['httpswww.auth.gren.txt', 1]]"
συγκεντρωμένες,1,"[['httpsmy.auth.gr.txt', 1]]"
συγκροτούνται,3,"[['httpauth.gr#primary.txt', 5], ['httpauth.gr.txt', 5], ['httpswww.auth.gr.txt', 5]]"
συλλογή,4,"[['httpauth.gr#primary.txt', 2], ['httpauth.gr.txt', 2], ['httpswww.auth.gr.txt', 2], ['httpswww.auth.gren.txt', 2]]"
συλλογικών,3,"[['httpauth.gr#primary.txt', 2], ['httpauth.gr.txt', 2], ['httpswww.auth.gr.txt', 2]]"
συνδέσμων,3,"[['httpauth.gr#primary.txt', 1], ['httpauth.gr.txt', 1], ['httpswww.auth.gr.txt', 1]]"
συνδεδεμένοι,4,"[['httpauth.gr#primary.txt', 1], ['httpauth.gr.txt', 1], ['httpswww.auth.gr.txt', 1], ['httpswww.auth.gren.txt', 1]]"
συνεδριάσεων,3,"[['httpauth.gr#primary.txt', 4], ['httpauth.gr.txt', 4], ['httpswww.auth.gr.txt', 4]]"
συνεργασία,1,"[['httpsmy.auth.gr.txt', 1]]"
σχετικά,4,"[['httpauth.gr#primary.txt', 2], ['httpauth.gr.txt', 2], ['httpswww.auth.gr.txt', 2], ['httpswww.auth.gren.txt', 2]]"
"σχολές,",3,"[['httpauth.gr#primary.txt', 2], ['httpauth.gr.txt', 2], ['httpswww.auth.gr.txt', 2]]"
σχολή.,3,"[['httpauth.gr#primary.txt', 2], ['httpauth.gr.txt', 2], ['httpswww.auth.gr.txt', 2]]"
σωστή,4,"[['httpauth.gr#primary.txt', 1], ['httpauth.gr.txt', 1], ['httpswww.auth.gr.txt', 1], ['httpswww.auth.gren.txt', 1]]"
σύμφωνα,1,"[['httpsmy.auth.gr.txt', 3]]"
σύνδεση,1,"[['httpswww.auth.gren.txt', 1]]"
σύστημα,4,"[['httpauth.gr#primary.txt', 13], ['httpauth.gr.txt', 13], ['httpswww.auth.gr.txt', 13], ['httpswww.auth.gren.txt', 5]]"
τίτλο:,3,"[['httpauth.gr#primary.txt', 3], ['httpauth.gr.txt', 3], ['httpswww.auth.gr.txt', 3]]"
ταχυδρομείο,1,"[['httpsmy.auth.gr.txt', 4]]"
την,5,"[['httpauth.gr#primary.txt', 28], ['httpauth.gr.txt', 28], ['httpsmy.auth.gr.txt', 2], ['httpswww.auth.gr.txt', 28], ['httpswww.auth.gren.txt', 18]]"
της,4,"[['httpauth.gr#primary.txt', 26], ['httpauth.gr.txt', 26], ['httpswww.auth.gr.txt', 26], ['httpswww.auth.gren.txt', 12]]"
τι;»,3,"[['httpauth.gr#primary.txt', 1], ['httpauth.gr.txt', 1], ['httpswww.auth.gr.txt', 1]]"
τις,4,"[['httpauth.gr#primary.txt', 3], ['httpauth.gr.txt', 3], ['httpsmy.auth.gr.txt', 2], ['httpswww.auth.gr.txt', 3]]"
τμήματα,3,"[['httpauth.gr#primary.txt', 1], ['httpauth.gr.txt', 1], ['httpswww.auth.gr.txt', 1]]"
τον,3,"[['httpauth.gr#primary.txt', 8], ['httpauth.gr.txt', 8], ['httpswww.auth.gr.txt', 8]]"
του,2,"[['httpsmy.auth.gr.txt', 2], ['httpswww.auth.gren.txt', 12]]"
"του,",3,"[['httpauth.gr#primary.txt', 36], ['httpauth.gr.txt', 36], ['httpswww.auth.gr.txt', 36]]"
τους,5,"[['httpauth.gr#primary.txt', 11], ['httpauth.gr.txt', 11], ['httpsmy.auth.gr.txt', 3], ['httpswww.auth.gr.txt', 11], ['httpswww.auth.gren.txt', 11]]"
τους.,4,"[['httpauth.gr#primary.txt', 6], ['httpauth.gr.txt', 6], ['httpswww.auth.gr.txt', 6], ['httpswww.auth.gren.txt', 6]]"
τόπου.,4,"[['httpauth.gr#primary.txt', 1], ['httpauth.gr.txt', 1], ['httpswww.auth.gr.txt', 1], ['httpswww.auth.gren.txt', 1]]"
"υγείας,",3,"[['httpauth.gr#primary.txt', 1], ['httpauth.gr.txt', 1], ['httpswww.auth.gr.txt', 1]]"
υπηρεσία,1,"[['httpsmy.auth.gr.txt', 1]]"
υπηρεσίες,1,"[['httpsmy.auth.gr.txt', 2]]"
υποδομές,1,"[['httpsmy.auth.gr.txt', 1]]"
υποδομής,1,"[['httpsmy.auth.gr.txt', 1]]"
φίλτρα,1,"[['httpsmy.auth.gr.txt', 1]]"
φόντο,3,"[['httpauth.gr#primary.txt', 1], ['httpauth.gr.txt', 1], ['httpswww.auth.gr.txt', 1]]"
χειμερινού,3,"[['httpauth.gr#primary.txt', 11], ['httpauth.gr.txt', 11], ['httpswww.auth.gr.txt', 11]]"
χρήση,4,"[['httpauth.gr#primary.txt', 3], ['httpauth.gr.txt', 3], ['httpswww.auth.gr.txt', 3], ['httpswww.auth.gren.txt', 3]]"
χρήστη,1,"[['httpsmy.auth.gr.txt', 1]]"
χρησιμοποιεί,4,"[['httpauth.gr#primary.txt', 1], ['httpauth.gr.txt', 1], ['httpswww.auth.gr.txt', 1], ['httpswww.auth.gren.txt', 1]]"
χρηστών,4,"[['httpauth.gr#primary.txt', 1], ['httpauth.gr.txt', 1], ['httpswww.auth.gr.txt', 1], ['httpswww.auth.gren.txt', 1]]"
ψυχικής,3,"[['httpauth.gr#primary.txt', 2], ['httpauth.gr.txt', 2], ['httpswww.auth.gr.txt', 2]]"
όλες,1,"[['httpsmy.auth.gr.txt', 1]]"
όπου,4,"[['httpauth.gr#primary.txt', 2], ['httpauth.gr.txt', 2], ['httpswww.auth.gr.txt', 2], ['httpswww.auth.gren.txt', 2]]"
ώστε,4,"[['httpauth.gr#primary.txt', 1], ['httpauth.gr.txt', 1], ['httpswww.auth.gr.txt', 1], ['httpswww.auth.gren.txt', 1]]"
–,4,"[['httpauth.gr#primary.txt', 15], ['httpauth.gr.txt', 15], ['httpswww.auth.gr.txt', 15], ['httpswww.auth.gren.txt', 12]]"
“Accept,4,"[['httpauth.gr#primary.txt', 1], ['httpauth.gr.txt', 1], ['httpswww.auth.gr.txt', 1], ['httpswww.auth.gren.txt', 1]]"
“Aristotle’s,1,"[['httpswww.auth.gren.txt', 16]]"
“Heritage,1,"[['httpswww.auth.gren.txt', 4]]"
“The,1,"[['httpswww.auth.gren.txt', 5]]"
“Ηλεκτρονική,3,"[['httpauth.gr#primary.txt', 6], ['httpauth.gr.txt', 6], ['httpswww.auth.gr.txt', 6]]"
“Σύμβολα,3,"[['httpauth.gr#primary.txt', 2], ['httpauth.gr.txt', 2], ['httpswww.auth.gr.txt', 2]]"
